text,manual_Label
เที่ยงแล้วน๊าาาาากาแฟซักแก้ว เค้กซักก้อน ก๋วยเตี๋ยวรสจัดซักชาม ทุกอย่างลงตัว คือดีอะ ,Positive
บ่ายแล้ว ทานข้าวกลางวันกันคะ ,Neutral
ORIGINAL MOCHI NUTELLA - ไดฟูกุนูเทลล่า ไส้นูเทลล่าเน้นๆ แป้งยืดหนึบบ กล่องละ 40.- (2 ชิ้น) 🚚ส่งทั่วไทย / นัดรับฟรี (มก ส่งถึงที่ - หอวังส่งถึงที่เลย) ,Neutral
ถูกหวยในเป๋าตัง 80 ปี เกษตรศาสตร์ คิคิ ,Positive
แอนนาเสือ ที่ เกษตรแฟร์ค่า น่ารักมาก ❤️😝😅 กดติดตามช่องไว้เลย anna_suea ค่า https://t.co/1vmOY38L8q ,Positive
ของมันต้องมี วาเรนไทน์แล้วไง ไม่มีใครนี่ซิ ซื้อของขวัญวาเรนไทน์ให้ตัวเองก็ได้ เนอะ ,Positive
รีวิวร้านค้านิสิตเกษตรแฟร์66 โซน M ข้าวโพดหนุบหนับ ,Positive
บะหมี่แห้งตีนไก่อย่างชอบ ,Positive
จบแล้วววว ,Neutral
เราซื้อกระต่ายมา2ตัว เสียไปแล้ว1ตัว อีกตัวแอดมิดอยู่รพ. น้องท้องเสียหนักมาก โอกาสรอด20% 😢 ใครซื้อกระต่ายมาจากงานอย่าลืมพาน้องไปตรวจสุขภาพนะคะ ก่อนที่มันจะสายเกินไป คุณหมอแจ้งว่าในคอกมีสิทธิติดหมดทุกตัว ,Negative
จริงๆอยากเดินทุกโซนเลยนะ แต่มันเดินไม่ไหวจริงๆ แค่ถึงโซน M ก็คือเหนื่อยแล้ว ,Neutral
ขอแฟนหน่อยงับบบ. ,Neutral
"จบไปเป็นที่เรียบร้อยแล้วสำหรับ มหกรรม ชิม-ช็อป-ใช้ ที่ยิ่งใหญ่ที่สุด""เกษตรแฟร์ ปี 2566""🙏แอดก็เลยอยากจะมาซาวเสียงทุก ๆ คน ว่าให้คะแนนเกษตรแฟร์ปีนี้กันคนละกี่คะแนน หรือว่าข้อติชมอะไรก็สามารถมาคอมเมนต์ใต้โพสต์นี้ได้เลย(text)",Neutral
เด็กเอ็นที่งานเกษตรแฟร์น่ารักมาก ,Positive
ไปเจอน้องคนนึงที่เกษตรแฟร์มา น้องน่ารักมากกกกกกกก ขายของอยู่บู้ทสัตวแพทย์ ,Positive
เครียดมากกับราดช็อคโกแลต @SaranPie ,Negative
มะวานอึ้งมาก ไปงานครั้งแรก กะเล่นปาเป้าหมุนเอาแค่ตัวเล็กติดมือสักตัว แต่ได้ก๊อตซิลล่าตัวเกือบ 1.5 เมตรมา แบกกันแขนล้าเลย ,Positive
ปริศนาทิ้งท้ายงานเกษตรแฟร์ ที่เค้าแบกกันในงานคือเป็ดหรือห่าน ,Neutral
ซ้อการ์ดดพี่จีจี้เดดสหวปยกดดดด น่ารักที่สุด ,Positive
เมื่อวานนัดเพื่อนที่เรียนแถวกรุงเทพ (เป็นคนภาคใต้ มาอ่านหนังสือที่กทม) เพื่อนที่เรียน มก มศว สมเด็จ มธ รังสิต ไปแอ่ว ,Positive
ใครมีคอนแทคร้านขายกำไลมั้ยคะ,Neutral
รับบทพ่อค้าหิว @SaranPie ,Neutral
เกษตรแฟร์วันสุดท้าย !! 🎡 คนเยอะมากๆแบบมหาศาล 🫠 กันไปถึงตอนบ่ายสามครึ่ง อากาศค่อนข้างร้อน ร้านแรกเลยซื้อน้ำไปก่อน 1 แก้ว 👏🏻👏🏻 โซนล่ารางวัลตุ๊กตาน้องเป็ดเยอะมากก 🎡🎪 โซนสัตว์เลี้ยงใช้เวลาอยู่เยอะสุด เพราะโดนน้อนๆตก อุแง 🤭💖🫶🏻 สุดท้ายกลับตอนทุ่มกว่า ,Neutral
หมดจากเกษตรแฟร์คนก็แห่มานี่แทน บัตร 15 บาทงิ ดูแนวแล้วน่าจะแน่นน่าดูเลอ ,Neutral
จัดหน่อยๆสักแก้ว ,Neutral
เช้าๆจัดสเต๊กปลา ,Neutral
ขายบัตรสวนสยามใบละ 200 มี10ใบ ,Neutral
ทุเรียนทอดคือดีมาก อร่อยสุดๆ กรอบอร่อย ใครผ่านแวะซื้อกันเถอะ มันเริ่ด ,Positive
ร้านยังเปิดอยู่น้าา ถูกมากกก ‼️ พร้อมแอพพรีเมียมมากมาย น่าสนใจ ✅ 30 วัน ราคาเพียง 12฿ สนใจ https://t.co/hgwmyAUQT0 ,Neutral
รีวิวเกษตรแฟร์ ทำพาร์ทไทม์ 6 วัน เจอมิจ มิจฉาชีพ 3 วัน เสาร์ อาทิตย์ ตอนคนเยอะๆ ลุงมาในลุคคนมีตังค์แต่งตัวภูมิฐาน ใส่แหวน เสื้อเชิ้ต ทำทีซื้อของราคาร้อยกว่าๆ จากนั้นก็หยิบแบงค์เทาออกมา ,Negative
เรื่องเศร้าคือเรานัดกับเพื่อนที่ชิงช้าสวรรค์​แต่เราไม่รู้​ว่ามีชิงช้าสวรรค์​สองที่​ นี่มันเรื่องบ้าอะไรกันเกิดมาไม่เคยพบเคยเห็นชิงช้าสวรรค์​สองที่ในงานเดียวกัน555+😭😭 ,Neutral
ภาพถ่ายวัน พฤ ปัจจุบันแย่กว่านี้ สิ่งที่อธิบายได้จากภาพนี้คือ น้ำมันแย่เลยจ้ะ ตอนช่วงเกษตรแฟร์ มันฟ้องอะ ว่าสุดท้ายของเสีย น้ำเสีย มันลงน้ำ เลยเกิด Algae bloom / Eutrofication แบบนี้ ปีหน้าเกษตรจะต้องมีมาตรการรองรับเพื่อป้องกันความมักง่ายนี้ไหมแ ,Negative
มึงงงง ใครมีวาร์ปหมอดูไพ่ทักตรงโซนนิสิตบ้าง นี่ไปดูมาคือตรงแบบตะโกน 🥹👍,Positive
ข้างล่างเน่าหมดเลย 😭😭😭😭😭 ,Negative
โดนัทฮอกไกโดอะไรสักกะอย่างอร่อยมากก แสงออกปาก แต่ที่ไม่ประทับใจสุดคือวิน!! โกรธมาก โกงเราได้ไง เรานั่งวินเกือบทุกวัน เราจำราคาได้หมด แย่อะ เพื่อนก็โดน พอถามบอกรถติด เอิ่บ ติดแค่ทางเข้านะ แต่บอกติด งง? ไหนจะมาจิ๊ป่ะใส่ตอนถามอีกว่าปกติ15นี่ ไม่โอเค ,Negative
การแสดงของเจอร์ข้าวนาในงานแข่งกีฬาคณะ ก็ยังมีเนื้อหาเกี่ยวกับเพศ ทำไมถึงวนอยู่แต่เรื่องนี้ล่ะคร้าบบบ ,Negative
มีใครรู้บ้างว่า เบอร์เกอร์นี้มาจากร้านไหน น่าจะโซนK น้องเป็นเมนูที่2ชื่อประมาณว่า ชิกเก้น บี ฟราน(อะไรสักอย่าง) คือน้องอร่อยมากกก แต่ตอนนั้นเราลืมถ่ายรูปหน้าร้านไว้ กลับมากินที่คอนโดอร่อยจนต้องตามหา แต่หายังไงก็ไม่เจอ ใครรู้บอกบุญหน่อยนะคะจะตามไปอัดหนุนอีก ,Positive
เพลงสันอะไรเอ่ยมีเนื้อหาเกี่ยวกับการข่มขืน เหยียดเพศ เหยียดหน้าตา 🫠 ,Negative
เกษตรแฟร์วันสุดท้าย มีอะไร.?? ตอบ : มีจุงอาเชน 😂😅 เดินงงๆในดงนิสิตเจอจุงอาเชน &amp; เดอะแก๊งค์ ,Neutral
โดนวินเหลี่ยมไป2รอบโมโหสุดๆ ,Negative
ร้องเพราะมาก ยืนฟังจบไปหลายเพลงแล้ว🎶 ,Positive
ซิกเนเจอร์  เป็ด🦢,Neutral
เอาใจสายแซ่บ กับร้านมะม่วงหาดใหญ่🥭 สำหรับใครที่ชอบทานมะม่วง บอกเลยร้านนี้ตอบโจทย์มาก มะม่วงรสชาติอร่อยพร้อมกับน้ำจิ้มรสเด็ดที่มีให้เลือกถึงสามรสชาติ แถมราคายังถูกมาก กล่องละ60บาท 2กล่อง100บาทเท่านั้น! 🚩พิกัดอยู่เกษตรแฟร์เลยจ้า บูธอยู่ที่โซนAน๊าาาา ,Positive
เมื่อวานส่งเพื่อนไป ด้วยความที่อยู่ตจว. เลยบอกเพื่อนว่าไป M30 ให้หน่อย เป็นตัวเเทนไปหาพายที . . ไหน…ในคลิปไม่เห็นพายเลย ความเพื่อน @SaranPie พายโปรดรับรู้ว่าเราพยายามเเล้ว55555,Neutral
ได้มาแล้ว นักแม่นปืน ,Neutral
มีแต่ปัญหาอะ เรื่องเด็กวิศวะคอมโดดตึกคราวก่อนอะรับผิดชอบยัง ,Negative
โฮรรรรรรร😭😭😭😭 ไม่ได้เจอมาเป็นปี มาเจอที่เกษตรแฟน์แล้วววว~~~ ,Positive
ครั้งหน้าคงไม่ไปหยียบแล้วละ เจอแต่เอาเปรียบคนมาขาย ,Negative
อยากได้ไอจีสาวนิสิตคนนึงงะ ขายอิตาเลี่ยนโซดา ,Neutral
ศลป อยากเดินชิวๆไหมอกแกจะไปตามติดเป็นวิญญาณทำไม-.- ซ ด้อมเอ้ยยย ,Neutral
เราอยากเจอเซฟจี เราอยากเจอพี่จีก่อนสามสิบ 😭,Neutral
ใครยังไม่กลับ ไปอุดหนุนโดนัทร้านทาร์ตไข่ได้ 5แถม1 ใกล้ๆแยกระหว่างโซนเอกับโซนบี อร่อยมาก ้ขาไม่ได้จ่ายแต่อยากให้ลอง ,Positive
เจอแล้วลูกเขยแม่ที่จริงใจ ☺️ ,Neutral
แซลม่อนดองเกษตรแฟร์ ทั้งหมดนี่คือ 99฿ เลยอ่ะ ตอนได้รับมาคือช้อค ขายแพงเกิ๊นนนนน ,Negative
อยู่เกษตรแฟร์งับไปไหนต่อดี ,Neutral
ไปเกษตรแฟร์วันนี้ได้อะไร ได้เจอเซฟจี ได้เจอพี่จุง บูม น้องดัง ได้ของกินมาเยอะมาก ได้วาฟเฟิลมา ได้เจอร้านบราวนี่ปั่นหลังจากที่หามา3 วัน ขอบคุณพ่อหนุ่มขายมะพร้าวค่ะ ที่บอก(เอ็นดูความบอกว่าผช.หล่อ แต่สู้ร้านเราไม่ได้ โอเคค่ะเธอ 555 )!! ,Positive
ได้ไปอุดหนุนคุณลุงแล้ววค่ดดีใจนี่ตามจากทวิตเลย สามารถโอนได้ราคาไม่แพงนี่ซื้อขนมกล้วยก็อร่อยเลยแถมคุณลุงใจดีมากๆ คุณลุงน่าจะมาตั้งขายตอนช่วงเยนเพราะมาบ่ายยังไม่เห็นเลย ,Positive
ร้านนนิสิตที่เกษตรแฟร์อร่อยมากกเอาไป100000คะแนน ,Positive
ไอติมสาหร่ายอร่อยเลยมันก็คือไอติมนมสีเขียวอ่ะแต่หอมนมจริงๆค่ดชอบ 49 บาทแต่ละลายเร็วชห. ไอติมถั่วตัดนี่มองว่าเฉยๆแค่อยากลองชิมอ่ะหรือลองผิดร้านวะ มันคือไอติมเผือกอ่ะ 50 บาทราคาโอเคเลย อยู่โซน K หมดเลย ,Positive
พริกหนุ่มโซน k ก็อร่อยเห้อ 50บาท 3 ชิ้นดีมาก ,Positive
มันฝรั่งบดโซนนิสิตค่ดอร่อย ,Positive
ซื้อมาผิด size ใครอก 46-48 ใส่ได้สบาย ,Neutral
คนจะเหยียบตาย เหนื่อย ของโซนหน้าๆแพงไม่สมกับที่ได้ ท้อมาก ของโซนด้านในถูกมาก ยิ่งโซนนิสิต สมราคามาก ครั้งหน้าควรเดินไปในสุดละ ,Negative
น่ากิงงง ปีหน้าพรี่ค่อยไปนะ แง 🥲😭😭😢😋 ,Neutral
หมดจากงานเกษตรแฟร์ ฉันว่าคนก็จะแห่มาที่นี่อีก คนต้องแน่นๆอะ ไทยแลนด์แดนบันเทิงว่าซ่าน ,Positive
รับถึงที่ พร้อมส่งทุกกลับบ้านประตู ,Neutral
คนเยอะเหมือนพนโลกแตก ,Neutral
เดินเข้างานก็จัดก่อนเลย ถ้ามีแบบหวานน้อยน่าจะดี🥶 ,Neutral
มีใครมีคอนแทคร้าน ถังหูลู่ โซนนิติที่ขาย 39 บาทปะตรงหน้าสหกรณ์ ,Neutral
ร้าน M71 คือประทับใจมาก 💚 เป็นร้านที่ซื้อกินร้านเเรกของงาน เดินทั่วงานจนต้องกลับมาซ้ำอีก 2 รอบ ฝากอุดหนุนไก่ทอดเกาหลีกับมันฝรั่งทอดน้องๆกันเยอะๆน้า ที่สำคัญน้องคือน่ารักกันทุกคน ใครอุดหนุนเเล้วมาบอกกันด้วยเด้อ :) ,Positive
เห็นคนแล้วเหนื่อยแทน วันสุดท้ายแล้วหรอไวมากแง 55555555555555555 ,Neutral
มีใครขายเป็ดต่อไหมคะ😓 ,Neutral
“เกษตรแฟร์ดีต่อใจ” 💚🫰🏻🌿 -เต้ IG : taee.w18 ,Positive
วันสุดท้ายแล้วสิ่งที่ควรลองคือไอติมเห็ด กรุบๆๆ ,Neutral
แม่ค้ามะขาม ,Neutral
ฮรือออออมาแร้วได้ไรผายมือค่า พระเจ้าจี ,Neutral
พอๆกับงานปากน้ำ ,Neutral
คนเยอะจีง ,Neutral
นั่งวินในงาน ถามราคาก่อนนะ นี่นั่งจากประตูวิภามาประตูสัตวแพทย์ มา 2 คันคิดราคาไม่เท่ากัน,Negative
ตอนนี้คนเยอะไหมคะ ,Neutral
ชั้นอยากได้ไอจีนิสิตมากแต่จำไม่ได้ว่าเค้าอยู่ m อะไร ,Neutral
ไอติมถั่วตัด ต้นตำรับจากไต้หวัน🇼🇸 แปลกใหม่ดี พึ่งเคยกิน อร่อย กินง่าย บูทของเด็กอาหาร โภชนาการและการกำหนดอาหาร ,Positive
งานหมดวันไหนคะ;-; ,Neutral
ถ่ายช่วงต้น แต่ขอโพสต์วันสุดท้ายของงานนะคะ ,Neutral
นมถุงเกษตร สามารถซื้อได้เพิ่มเติมได้ที่ไหนบ้างงอะ ,Neutral
กูเดินวนอยู่โซน A ตั้งแต่ 4 โมง จนถึงตอนนี้… ช่วยด้วยยยย ,Neutral
รีวิวไอติมถั่วตัดผักชี ถ้าไปคือห้ามพลาดเลยงับ~ก็คือดีสุดดด 10/10ไม่หัก อร่อยยมากก ถั่วตัดกับผักชีเข้ากันกับไอศครีมมาก ☺️ ,Positive
คนแน่นมากกกกกกกกกกกก ,Neutral
วันนี้โดนเรียกเก็บไป 40 บาท จาก bts พหล มาสายสีแดง กลับทางนี้ทุกวันก็ 15 บาท นางบอกก็คนมันเยอะอ่ะ Noสนคะ ยื่นเงินให้แล้วเดินจากมา ,Negative
อยากไปหาของกินนะ แต่วันนี้แค่กุตื่นมา เวฟข้าวกินละก็นอนต่อ กุก้รู้สึกเหนื่อยละ ,Negative
สงสัยอย่างนึงคือทำไมร้านค้าส่วนมากไม่มีป้ายราคา ,Negative
มวลมหาชน ณ บีทีเอส มุ่งหน้าไปเกษตรแฟร์ บางเขน 😅😅😅😅 ,Neutral
รับหิ้วกำไล B43ค่า ทักมาได้เลยค่า ของลงช่วง19.00เลทๆค่าาา ,Neutral
ปีนี้จัดโซนได้งงมาก ฉันผู้เดินวนโซน A ไม่พ้นสักที ,Negative
รับหิ้วกำไล B43ค่า ทักมาได้เลยค่า ,Neutral
คนเยอะมากเหมือนอินแทวอนเลย ,Neutral
หาเพื่อนเดินหาของกินค่ะ ,Neutral
หาร้านขนมค้าบบบ มีใครมีร้านแนะนำไหมคะ ,Neutral
มีใครอยู่ไหมคะ กำลังจะไปคนเยอะไหมเอ่ย ,Neutral
จะมาแจก 2 ใบ ถึงบ้านก่อน ,Neutral
งานวันสุดท้าย บิงโก ใบเดียวจบๆ ,Neutral
พูดถึง ก็คือเมื่อวานที่ไปเราเจอคนดูดพอตแล้วพ่นอะ พ่นเยอะมากด้วย นี่ว่าตัวเองอยู่ห่างแล้วแต่ลมพัดควันมาเข้าหน้า เรากับเพื่อนคือ 💀💀💀 จะพูดก็ไม่ได้ เดินหนีก็ไม่ได้อีก ยืนรอเพื่อนถ้าเปลี่ยนมี่จะหลงกัน รับกรรมดมไปจ้ะ,Negative
ใครอยู่ร้านเจ๊แขก ตอนนี้เจ๊แขกถึงคิวที่เท่าไหร่แล้วคะ ,Neutral
โซนนิสิตอยู่ตรงไหนหรอคะ,Neutral
รับหิ้วนะคะ วันนี้วันสุดท้ายแย้ว อยากได้อะไรเดมมาบอกได้ค่าถ้าหิ้วไหวจะหิ้วให้ ปล.ไม่ได้เดินทุกโซนน้าา ,Neutral
ไข่ปลาทอดคือเดอะเบสของงาน ,Positive
หาเพื่อนเดินคับบ,Neutral
มาจ้ะมา วันสุดท้ายแล้วค่าาา Zone สนามกีฬา D270 ✨🌵✨ ,Neutral
รับหิ้วกำไลนะคะ ทักมาได้ค่า ,Neutral
เมื่อยมากแม่ ,Neutral
น่ากินค่ด🤩 ,Neutral
คนเยอะอ่ะ ลืมไปวันนี้วันเสาร์ซะด้วย ,Neutral
ประตูงามวงวานศ์3 คนเยอะมั้ยคะ จะเดินได้มั้ย จะไปประมาณ 1 ทุ่ม ค่ะ ,Neutral
วันสุดท้ายจัดไปล้นๆ ,Neutral
มีใครรับหิ้วมั้ยคะ ไปไม่ได้เค้าโอนเงินให้ ทั้งค่ารถค่าหิ้วเลย แง,Neutral
ตอนลงจากบีเเล้วเดินมามีร้านขายมะม่วง 3 ลูก 20 ถูกมากกก อย่าพลาดน้า นี้ซื้อไปเดินกินไป เพื่มน้ำปลาหวานเพิ่มสิบบัท ,Positive
แถวโซน D คนเยอะมั้ยคะ จะไปประมาณ 1 ทุ่ม จะเดินได้มั้ยย ,Neutral
อยากไปซื้อซูเฟล่แล้วกลับ,Neutral
คนเยอะจัดๆเลยฮะ,Neutral
หมดไป800แล้ว ยังไม่ได้ตุ๊กตาสักตัว แงง ,Neutral
อยากไปนะ แต่ไม่มีที่จอดรถ ถ้าไป..ก็สามารถเดินช้อปปิ้งด้วยความเร็ว แค่ 0.0289 km/h เดินเข้าว่ายากแล้ว เดินออกนั้น... ต้องมีฮอมารับ 😹 ,Neutral
มีใครรับหิ้วขนมปังเเลบลิ้นบ้างมั้ยคะ อยากกินๆๆๆ🥺 ,Neutral
อีวินวิภาเสื้อส้ม เบอร์ 78 ถ้ามึงโมโหที่ขับไกล มึงเลิกอาชีพนี้ค่ะ มึงไปทำอาชีพอื่นที่อยู่กับที่ หรือไม่ก็ไม่ต้องมาขับในงาน ถ้ากูอยากจะนั่งจากประตูวิภาวดี มาประตูอมรพันธ์มันก็เรื่องของกู มึงไม่รับก็ควรพูดแต่แรกไม่ใช่มาทำตัวหมาๆแบบนี้เนอะ ,Negative
วินวิภาเสื้อส้มเบอร์ 78 ทำตัวเหี้ยยยยมากก นี่ขึ้นจากคณะวิศวะมาประตู 3 แม่งบ่นตลอดทางแบบคำหยาบ ทำท่าทางแบบไม่อยากไป โทษคนนั่งว่าทำไมต้องนั่งไกล แล้วขับรถแบบกระฟัดกระเฟี้ยด อิสัส มึงไม่อยากขับไกลแล้วมึงมาขับรถทำไม อีส้นตีน ,Negative
เพิ่งเดินเข้ามายังไม่ถึง 10 นาที วันนี้เตรียมอุปกรณ์พร้อมจ้า ,Neutral
ปีที่แล้วไมโลถังคือสินค้าขายดีอันดับหนึ่งของงานเกษตรแฟร์ ส่วนปีนี้คือตุ๊กตาเป็ดง่อยตัวใหญ่ยักษ์ ,Neutral
มีใครรับหิ้วของกินมั้ยคะะะ ,Neutral
ยิ่งเลอะ ยิ่งเยอะประสบการณ์ 😂😂@SaranPie ,Neutral
วันนี้วันสุดท้ายแล้ว อย่าลืมมาอุดหนุนกันนะคะ ,Neutral
ตอนนี้คนเยอะมั้ยครับ ,Neutral
“หนุบหนับหนุบใจน่าอีสมารูอวยสุด ๆ” 📍ร้าน @ khawpod.nhubnhab 💚🫰🏻🌽🧈 พิกัด : โซนนิสิต บูท M192 หน้าสนามบาส -กาย IG : doubleguy ,Neutral
พ่อค้าดีจากเกษตรแฟร์อีก 1 คน ☺️ ต้าวพ่อครัวหัวป่า☺️ ,Neutral
อย่าลืมแวะมาร้านประมงซีฟู้ดกันนะคะวันสุดท้ายแล้ว ,Neutral
มันหมดวันไหนคะ ,Neutral
มีใครแวะฟิวเจอร์รังสิตมั้ยคะ อยากฝากหิ้วเกาลัดค้าบ 🥹 ,Neutral
มีใครไปแล้วจะมาสยามมั้ยคะอยากฝากหิ้วขนมㅠ___ㅠ ,Neutral
อยากไปเดินเกษตรแฟร์งับไม่อยากเดินคนเดียว🥺 ,Neutral
ไม่ต้องบอกรุ่น KU แต่แค่บอกว่าเป็นปีสุดท้ายที่ “เกษตรแฟร์” ให้ขายเบียร์-เหล้า ได้ ,Neutral
มีใครทำน้องหล่นไว้รึป่าวคะ ฝากไว้ตรงร้านพี่ผู้ชาย ที่ขายฟิกเกอร์อนิเมะ โซน K นะคะ ,Neutral
รับหิ้วสินค้างานเกษตรแฟร์ค่ะ ตอนนี้เราอยู่เกษตรแฟร์แล้วงับ ค่าหิ้ว30ชิ้นต่อไป+10บาท ค่าส่งตามจริงค่ะ💐 ,Neutral
เนื้อจระเข้ย่างอร่อยมาก 👍🏻👍🏻,Positive
ร้านโอวัลตินอยู่โซนไหนอะะ ,Neutral
มีใครรับปาโป่งหรือเล่นเกมอะไรมั้ยคะ อยากได้ตุ้กตาเป็ดยัก😭😭😭😭 ,Neutral
13:30 ถ. งามวงศ์วาน ขาเข้าเมือง ไป มก. รถติดมาก ,Negative
ร้าน @ monstea.bkk พิกัด : โซน A บูท A27 ประตูพหลฯ ฝั่งสะพานลอยข้ามไปตลาดอมรพันธ์ -ยิม IG : gymyess ,Neutral
ที่จอดรถไม่มีเลย วนประมา1ชม วครเอารถมาหาที่เดินใหม่เถอะ จตุจักรยังหาที่จอดง่ายกว่า ไม่ก็ยอมเสียตังจอดที่เซนลาด แล้วนั่งรถไฟฟ้าไป ,Negative
“ไอเลิฟซีฟู้ด” 💚🫰🏻🐟🦐🦀🦑🦪 📍ร้าน ประมงซีฟู้ด พิกัด : หน้าอาคารเทพศาสตร์สถิตย์,Positive
ร้าน ECON RON STEAK พิกัด : หน้าตึกปฏิบัติการคณะเศรษฐศาสตร์,Positive
ใครไปซื้อของอะไรเช็คของหลังซื้อดีๆนะ อย่าโง่แบบเรา ซื้อ3 ได้แค่2 😂 ,Negative
บรรยากาศริมทะเล ,Positive
ความรักทำให้เราตาบอด พ่อค้าไก่ทอดทำให้เราอิ่ม 💚🫰🏻🍗🐔🥔🍟 พิกัด : โซนนิสิต บูท M71 ตรงข้ามสหกรณ์ ฟิล์ม IG : filmstepz โมน IG : mone_meaulne ,Positive
มึงกูกับเพื่อนไปต่อแถวซื้อโค้กถังที่ ,Negative
หล่อมาก เกินไปปป หล่อจนปวดหัววว ,Positive
ยิ้มหวานๆของพ่อค้าบูธ M30 ค่า ,Positive
ขอบคุณทุกคนมากๆเลยนะครับ🥰 ,Neutral
งานนี้มารับน้องแมวจรกลับบ้านไปได้เลยนะคะ น้องๆฉีดวัคซีน ตรวจสุขภาพแล้วทุกตัวค่า ,Neutral
พรุ่งนี้ใครไม่มีเพื่อนเดินเกษตรแฟร์หนีบเราไปด้วยได้นะคะ อยากไปหาเดินดูของดัง ๆ ซื้อเก็บไว้ไปฝากที่บ้านแต่ไม่มีเพื่อนไปด้วยเลย 🥺 ,Neutral
สงสารรร ร้องไปร้อนไป 😅😅😅 ,Neutral
สิ่งนี้ใน เกษตรแฟร์ นัวมาก อันนี้เมนู Spicy cheese รู้สึกเหมือนกินชีโตส55555 อร่อยเลยนะะ บูธ M179 โซนนิสิต ไปลองกันได้ค้าบบบ พน.วันสุดท้ายแล้วๆๆๆๆ,Positive
โซนนิสิตคือโซนที่ใจฟูมาก💖 @SaranPie ,Positive
แก๊งนี้ทำไมไม่เหมือนมาซื้อของเหมือนมาลักขนมร้านเค้า🤣🤣 ,Neutral
เพิ่มเมนูนี้หน่อยย อยากแนะนำมากๆ จนต้อง ,Positive
หล่อตะคอก!!!,Positive
ก็บอกว่าพี่ @myredsky_ จะเหมาพายจะได้ไม่เหนื่อยทำไมไม่เชื่อเราเค้าจะเหมาจริงนะนั่น!! 🤣🤣🤣🤣🤣 ,Neutral
คนแสนแปด😫 ,Neutral
พ่อค้าลืมออเดอร์ ! แง่ม ,Neutral
เที่ยงคืนงานเลิกรึยังคะ🥺 วานผู้รู้ตอบหนูที ,Neutral
ขอไอจีแค่นี้พ่อค้าทำไมต้องหล่อตะโกน งงนะ ,Neutral
นิยามคำว่า “ฮอตเนิร์ด” ได้มาอยู่ตรงหน้านี่แล้ว 😳 ,Neutral
ขอสอบถามค่าคือบีเกษตรกับเสนานิคมมันห่างกันมากไหมคะเพราะพน.มีไปทำงานแล้วกลับเวลาช่วง3ทุ่มกลัวคนเยอะเลยว่าจะเดินทางที่ทำงานไปบีทีเอสเสนาค่ะ ,Neutral
5โมงครึ่ง ถึง3ทุ่มครึ่ง เกษตรแฟร์ทำชีละ 😵‍💫😵‍💫 แต่ได้เยลลี่ก็สบายใจ 😳🧡 ,Neutral
ไม่ไหวแค่เดินโซน AกับB ก็ไม่ไหวแล้ว คนเดินเบียดกันมาก อดกินหลายร้านเลย T•T ,Negative
ใครมาคนเดียวชวนไปเดินด้วยนะคะ🥲 ,Neutral
เพินตอนนี้ค่อยโล่งหน่อย แต่ร้อนมาก ,Neutral
ไปเดินโซน K กันนะทุกคน คนไม่เยอะเลย ของกินเยอะมาก ร้านอร่อยๆเยอะ ,Positive
ใครจะเดินเข้ามาฝั่งพหล คนเยอะมาก แบบมากๆ หนีปายยยยยยยยย ,Negative
แนะนำเลย โอ้วเอ๋วอร่อยมาก งานartสวยสุดๆ ,Positive
ของดีเกษตรแฟร์ปีนี้อีก 1 คน ☺️ ต้าวแว่น 🕶️😎 ,Positive
ก็แค่บอกเค้าไปเป็นคนหล่อครับ ,Positive
ไปเกษตรแฟร์เจอน้องคนนึงน่ารักมากเลยอะ ซื้อของร้านเดียวกัน แต่น้องน่ารักมาก จบ5555555555 พี่เจ้าของร้านกะน่ารัก ให้ไปยืนเป่าพัดลมรอด้วยยยยย 🫶🏻💗✨ ,Positive
คนเยอะมากประตู BTS คนล้นลงมาถนน ระวังกันด้วยนะคะ ดูแลตัวเองกันด้วยค่ะ ,Neutral
ไปตามไอจีพ่อค้าสุดหล่อกันได้นะคะ 🤣 IG : pie_saran ,Positive
ของดี M30 @SaranPie ,Positive
เมื่อถามว่า @SaranPie เป็นใคร 😆 ,Neutral
จอดรถตรงไหนได้บ้างง ,Neutral
อยากรู้ความหนาแน่นในงานค่ะ55555555 คนเยอะขนาดไหนน ,Neutral
หาคนเที่ยวเกษตรเเฟร์ด้วยคั้บ🥹🙏🏻 ,Neutral
พรุ่งนี้ วันสุดท้ายแล้วน้า ใครยังไม่ได้ไปก็ลองไปกันดูน้า,Neutral
มีทางไหนที่ต้องไม่ผ่านโซนคนที่แน่นๆบ้าคะ ถ้ามากับ bts ,Neutral
มีใครรับปาบอลมั้ยคะ55555555555 อยากได้เป็ดดดด ,Neutral
มีใครสนใจเดินเกษตรแฟร์ด้วยกันมั้ยย🥹 ,Neutral
แกจะเจอน้าเจี๊ยบทุกที่ไม่ได้นะ ,Neutral
ซื้อหนมเบื้องอันละบาทแบบไม่คาดหวังแต่อร่อยมาก กินมันส์มากครีมเขาอร่อยยย 🥺🥺✨ ,Positive
เกษตรแฟร์ เย็นวันศุกร์ ไปดูคนก็สนุกละ https://t.co/E08WFWUIK9 ,Positive
ยังหาคนหิ้วอยู่นะคับ ,Neutral
ตอนนี้จราจรคนแน่นมั้ยง่า นี่กำลังชั่งใจอยู่ว่าจะไปดีไม่ดี ,Neutral
วินคือเหี้ยนะอีสัส พาขับอ้อมโลกละเก็บแพง แต่คือถ้ามึงไปอีกทางมันใกล้กว่าไวกว่าไง พอให้เท่าที่เคยจ่ายก็บอกแล้วแต่มึงเลยอีสัส งี้ เหี้ยเอ้ยย ดีนะบอกให้จอดตรงคนเยอะ ,Negative
อร่อยยย หวาน 0% ไปเลยสิ ,Positive
วันสุดท้ายคือวันไหนกันแน่หรอคะ ,Neutral
ใครจะมาก็มานะคะ พ่อค้ากำลังมึน อาจจะได้กินฟรี ที่ M30🤣🤣 @SaranPie ,Positive
พ่อค้านร้านนี้หล่อมากกกกกกกกก 🫠🫠,Positive
คนเยอะจนตาลายรู้สึกเลยว่าจะวูบ ,Negative
พ่อค้ากระดุมหาย 😱 มาอุดหนุนพ่อค้าได้นะทุกคนนนนนน โซนนิสิต M30 ขายเมนูกล้วยปั่น อร่อยมากเว่อร์ แถมพ่อค้ายังแซ่บเว่อร์ 😍 ,Positive
คนครึ่งประเทศอยู่นี่กันหมดแล้ว ,Neutral
อยากได้เป็ดตัวใหญ่ อยากจ้างไปเล่นเกมมาให้หน่อยค่ะ ท้อมาก ,Neutral
มีใครไปแล้วจะมาสยามมั้ยคะอยากฝากหิ้วขนมㅠ___ㅠ ,Neutral
เกษตรแฟร์ตอนนี้ทักค่ะ ,Neutral
มีใครพอทราบบ้างมั้ยคะ ว่าจากเจริญกรุงไปม.เกษตรสามารถนั่งอะไรไปได้บ้าง ขอบคุณล่วงหน้าค่ะ🙏🏻 ,Neutral
พ่อค้าแซ่บ ,Positive
กว่าจะถึง 😓 ,Negative
ลุยๆ สู้ๆเว้ย ,Neutral
มาอีกแร้ว ,Neutral
เป้าหมายในการเดินเกษตรแฟร์ น่าร้ากกกก อร่อยมากคับบ โซน M เลออ @BayBaek ,Positive
หลายอย่างน่ากิน แต่กุแพ้แลคโตส 🥲😔,Positive
เห็นสตอรี่คนไป แล้วนึกถึง อิแทวอน กลัวๆๆ,Negative
มีใครมีเป้ดตัวเร้กไหมคะ เราอยากได้มากแลกกับหมอนโดเรม่อน😭😭 ,Neutral
ไหนใครไปคนเดียวยกมือขึ้นนน ✋️🙋‍♀️ ,Neutral
โซน K ควรไปเดินจริงๆนะ ,Neutral
หาเพื่อนเดินเกษตรแฟร์วันนี้คั้บ ,Neutral
มีตรงไหนที่ชาทแบตบ้างได้มั้ยคะหรือใครทีมีพาวเวอร์แบงค์ให้ยืมบ้างคะ😭😭 ,Neutral
มะขามหวาน ขายโซนไหนอ่ะ ,Neutral
ยังตามหาอยู่นะคะ 😭😭😭😭 ,Neutral
มีใครไปเกษตรแฟร์วันนี้(10ก.พ.66)มั้ยคะแง ,Neutral
ร้อนสุดๆๆๆๆๆๆๆๆๆๆ ,Negative
น้องเมษาอีกสักเซ็ต 😙❤️✨ ,Positive
“น่ากินอะแมงกะพรุน หลงรักคุณต้องทำไง” 📍ร้าน แมงกะพรุนน้ำมันงา @ tangwangruay พิกัด : โซนนิสิต บูท M174 หน้าสนามบาส -ทาม IG : w.sadudee ,Positive
ใครเดินเหนื่อยๆสามารถมานวดฟรีที่โซน M54 ได้เลยนะคะ ,Neutral
อย่าลืมมาอุดหนุนกันนะคะ 2วันสุดท้ายแล้วว รีบมากันน้าา💖 ,Neutral
น้องเหลือ2ตัวค่ะ น่ารักมากกก ใครมาเดิน ,Neutral
M242 อร่อยม๊ากกก 😽😽 พ่อค้าแม่ค้าน่ารักคับ! มีโปรประจำวันด้วยน้า ,Positive
คนเยอะยังคะ ใจมันหวั่นๆ ,Neutral
มีที่จอดรถตรงไหนเหลือบ้างคะ😢 วนหานานแล้ว ,Negative
มีใครเป็นเฟมทวิตบ้างไหมครับ พอดีจะขอสัมภาษณ์แล้วนำข้อมูลไปทำวิจัยอะครับ ถ้าสะดวกสัมภาษณ์ตัวต่อตัวได้จะดีมาก ขอบคุณครับ ,Neutral
มาแล้วๆๆๆๆๆๆ ,Neutral
ลุงอ๊อด น้ำพริกแมงดา อร่อยมากกก แถวๆโซน A ,Positive
ไปเดิน มาเมื่อวาน เดินไม่สู้เหมือนเมื่อ3ปีที่แล้วแล้วอะ เดินไปปวดหลังไป รู้สึกตัวเองแก่ขึ้นเยอะมาก แต่มีโซนนึงที่อัพเอเนอจี้เราได้มากๆคือโซนจุ๊มเหม่ง แล้วร้านไหนมีโกลเด้น จะมีคนพูดจุ๊มเหม่ง 555 ได้ยินเกิน10,Positive
ขนมปังแลบลิ้นครูต้อย เบเกอรี่ คือร่อยสุดๆๆๆๆๆ ต้องซื้อๆๆๆๆๆๆๆๆๆ อยู่โซน A อะแต่ A เท่าไหร่ไม่รู้ลืม แต่ถ้าไป BTS เดินเข้าไปนิดเดียวก็เจอ ,Positive
เมื่อวานไปไม่เจอคุณลุง นอยอ่า อยากอุดหนุนคุณลุง😭 ,Negative
เอาจริงตอนแรกว่าจะเดินให้ทั่ว สงสารโซนในๆ ไม่ค่อยมีคนเดินถึง แต่พอไปจริงๆ เดินแค่โซนเอก็ยมแล้ว😭 ,Neutral
ไิอติม Duca'tim อร่อยอะ เพิ่งเคยกินน,Positive
เย็นนี้เจอกันฮ่ะ เกษตรแฟร์ ,Neutral
หาเพื่อนเดินวันเสาร์นี้คั้บ ข่วงเย็นๆ เราอยากเดินทุกโซนเลย😭 ,Neutral
หาวาร์ปคนนี้ค่าาา ใครไม่รู้หล่อโดนใจ เพื่อนชอบมากกกกกก ,Positive
ไปกัล ,Neutral
ปิดดึกสุดกี่โมงคะ ร้านค้าเริ่มเก็บกันประมาณกี่โมงคะ ,Neutral
"สวัสดี เช้าวันศุกร์หรรษานะคะ ร้านเปิด ใจคนขายก็เปิดนะคะ ขอให้ยอดขายวันนี้เฮงๆปังๆ ""ใครที่บอกไม่เคยเจอรักดีๆ แนะนำให้มาเจอเราก่อน"" ",Neutral
สายๆจัดสักหน่อย🤤🤤 ,Neutral
เป็นการไปงานเกษตรแฟร์ครั้งแรกที่สนุกมากเลยแก หรือเราไปถูกช่วงนะมีกิจกรรมการแสดงให้ดูด้วย เราไม่เน้นกินเราเน้นมองไปรอบๆ โอเคดี ชอบ ผ่าน ❤️‍🔥☘️ ,Positive
โดยให้เข้าเฉพาะฝั่งถนนงามวงศ์วาน ประตู 1 และ ประตู 2 ,Neutral
หาเพื่อนเดินวันเสาร์ค่ะ ไปคนเดียวว,Neutral
รับหิ้วนะคะ พรุ่งนี้จะไปวันสุดท้ายแล้วว ว่าจะไปเที่ยงๆ ไปต่อคิวกินของในลิสต์555555 ,Neutral
หาคนรับหิ้วของงานเกษตรแฟร์แล้วส่งปณให้ค่า ,Neutral
หมี่กรอบอันนี้อร่อยนะ อยู่แถวสระน้ำ มีกุ้งตัวเล็กๆด้วย รสชาตเปรี้ยวๆหวานๆ ลองไปชิมก่อน เค้ามีให้ชิมมม ,Positive
วินคือขึ้นราคาสุดๆๆๆๆๆๆๆ ,Negative
วันนี้ไปเดินกับเพื่อน 5 คน ซื้ออาหารคนละ 3-4 อย่าง แล้วไปนั่งกินแถวริมน้ำ คำถามคือมันเป็นไปได้หรอวะ ที่อาหารจะไม่อร่อยเลยสักอย่าง ที่แปลว่าสักอย่างจริงๆ 😭😭😭 ,Negative
วันนี้เจอประสบการณ์ที่น่ากลัวมาก คือสั่นเลย คือเรานั่งวินแถวหน้ามกตรงข้ามกับตลาดอะไรสักอย่าง แล้วเรากับเพื่อน3คน แยกกันคนละคัน เพื่อตะไปmrt ลาดพร้าวเพราะรถเราจอดอยู่ที่นั้น แต่วินคันที่เรานั่ง จากที่ขับเร็วก็ขับช้าลงจนห่างกับเพื่อนจนตามเพื่อนไม่ได้ พอติดไฟแดง ,Negative
แม่ค้าจะร่วงแล้ว มาซื้อหน่อย~ จะปิดแล้วนะ ,Neutral
หาเพื่อนค่าาาาา ,Neutral
ใครลืมทาโกยากิกันน้าา มาเอาเร็วว สภาพกล่องยังไม่โดนเปิด สาหร่ายสีซีดก้อนเปื่อยจืดชื่ดไปหมดแล้ว🥲 ,Neutral
ขยะทิ้งแบบนี้กันเยอะมาก เพราะถังขยะน้อย แถมห่างกันมาก ช่วยกันรักษาความสะอาดกันด้วยนะครับ ,Negative
ตอนนี้จะปิดยังนะะะ สมควรลองไปดูไหม ,Neutral
ของกินก็อร่อย คนทำก็น่ารัก 😍 ,Positive
ปาโป่งได้น้องต่ายมาตัวนึง🐰 ,Positive
แย่อ่ะ ทำไมไม่ไปทิ้งถังขยะดีๆ แล้วก็ไม่ต้องอ้างด้วยว่าไม่มีถัง หาไม่เจอ หาไม่เจอก็ถือไว้หาที่ทิ้ง มีปัญญาซื้อมาถือแดกได้ แต่ไม่มีปัญญาถือไปหาถังขยะ มักง่าย ,Negative
เฉาก๊วยนมสด M65 อร่อยมากกก หวานกำลังพอดี อยากให้มาลองกัน ,Positive
ซื้อห่านที่ไหนอะคับ ,Neutral
สัญญาณทศดีมั้ยมุ้ย ไปตอนช่วงลอยกระทงไม่มีเงินสดโอนจ่ายไม่ได้เลยค่ะ ,Neutral
ร้านพริกหยวกปิ้งๆอยู่โซนไหนคะ บอกบุญที ,Neutral
อยากทราบมากว่าแต่ละคนที่ได้น้องคนนี้มาเสียไปเท่าไหร่ คือ เดินไปไหนก้เจองง แล้วตัวใหย่กว่ากุอีก เอ้อ เก่งอะ ,Neutral
ย้อมสีผมเตรียมไปเดินเล่นเกษตรแฟร์พรุ่งนี้ ,Neutral
ในที่สุดวันนี้ก็เหลี่ยมวินจนได้ราคา15 บาทมาจนได้ ,Neutral
เมนูแนะนำเกษตรแฟร์ก็คงต้องยกให้ 2 อย่างนี้👀 อันแรกผักทอดที่เลือกผงคลุกได้ ตอนแรกไม่ได้คาดหวังแต่ผักบุ้งทอดคือเกินคาด✨อันที่2 ผลไม้เคลือบน้ำตาล ร้านนิสิตคือทำดีสุดๆ อร่อยย🍓⭐️ ,Positive
ตามหาเจ้าของน้อง พบอยู่บริเวณโซน M ใครเป็นเจ้าของเดมมาได้นะคะ ,Neutral
ตามหาร้านหมูทอดค่ะ (ป้ายเขียนว่าเบคอนทอด) ไม่แน่ใจมาขายที่งานเกษตรไหม ตามมาจากงานกาชาดค่ะ 🥺 ,Neutral
เมื่อวานพี่แอนนาเสือมาร้านเรา บอกว่ามันบดอร่อยมาก ใครมาเดินเกษตรแฟร์แวะมาซื้อเบอร์เกอร์ ซื้อมันบด ที่ร้าน humburger m115-118 ได้นะคะ ข้าวไข่เจียวก็มีน้า รายได้ส่วนนึงจะนำไปสร้างห้องสมุดให้เยาวชนด้วยค่า ,Positive
เดินผ่านร้อยคน กินไปแล้ว79คน (เวอร์) ,Neutral
โมจิย่างอร่อยยยย ,Positive
เกษตรแฟร์กันม้ายยยพน ,Neutral
พรุ่งนี้ไปเจอกับพาย ที่งานเกษตรแฟร์ ได้นะค้าบบบ M30 มาเจอกานนนน ,Neutral
กำไลอยู่โซนไหนคะㅠㅠ ,Neutral
มีใครพอจะทราบว่าเบอร์เกอร์อยู่โซนไหนมั้ยคะ 🥹 ,Neutral
เคยลองแต่น้ำอ้อยผสมเลมอนที่ ไต้หวันกะสิง เออ มาเจอที่นี่ด้วย แถมมีผสมเสาวรส เอ้อออ แปลกดี เลยขอลอง คำแรกงงๆ ที่เหลือคืออร่อยย! น้ำอ้อยไทยนี่แม่ง The best เข้มข้น หวานนัวๆแบบอ้อย อมเปรี้ยวเสาวรส อร่อยยย ที่ชอบอีกอย่างคือ ที่หิ้วแก้ว น่ารัก! ,Positive
ช่วยแนะนำที่จอดรถดีๆหน่อยงับ🥺🙏🏻 ,Neutral
คิดยังไกับการที่เเบบว่า เรากำลังจะเเสกนจ่ายละมือถือเเบบหมด (พกเงินสดเเต่น้อยมาก เเค่ค่ารถเมล์ ) ,Neutral
คนเยอะแบบตะโกน 🚶🏻‍♂️🚶🏻‍♂️ แต่กำไลน่ารักมาก ไม่เสียแรงที่ยืนรอคนข้างหน้าจนขาแข็ง ㅠㅠㅠ💘 ,Positive
พน. ฉันจะต้องไป เพราะฉันมีเป้าหมายหลัก คือเจ้าเป็ดตัวใหญ่55555 ,Neutral
ร้านค้าเริ่มเปิดขายกี่โมงคะ ขอความรู้หน่อย ,Neutral
ตามหาคนนั่งดูสิ่งเล็กๆงาน ,Neutral
อร่อยมาก หน้ามะพร้าวหอมมาก คนขายบอกว่าอยู่ได้ 7 วันในตู้เย็น เนื้อไม่แห้งด้วย มีหน้ามะพร้าว ฟักทอง เผือก ลูกเกด ฝอยทอง มันม่วง อยู่โซน G ก่อนถึงพวกมะขาม ,Positive
เมื่อเราไปเดินงาน ได้กระเทียม ปลาอินทรี,Positive
เจ้แขกน่ารักมากเลยเตงบอกตามตรงสามารถยืนดูแกพูดได้ทั้งวันอะ ,Positive
พรุ่งนี้มีใครรับหิ้วกำไลบูท B43 บ้างคะช่วงเที่ยงๆ ,Neutral
เมิงงง กุโดนเจ๊แขกแซวแรงมาก แต่ตกใจกดอัดหยุดก่อน555555555555555555 ,Positive
ได้กินสมใจไหมละ ,Neutral
เอนจีนไปมุงร้านนี้ด่วน ข้าวโพดอบเนยผัดชีส บูธ M152 ,Neutral
เดินมาตั้งแต่พระอาทิตย์ยังไม่ตกดินจนทุ่มนึง ร้านเต็มพอดี😭😭 เนื้อลูกวัวทั้งตัวย่างหอมมาก ,Positive
ปกตินั่งวินผ่านจากประตูวิภาไปพหลแค่20 เมื่อวานนั่งเจอ25บาท วันนี้เจอ30 มีงานก็น่าจะคนเยอะไม่ใช่หรอ คนน่าจะนั่งเยอะนิ่ หรือว่าคนนั่งเยอะ พอคนไม่มีตัวเลือกเลยใช้โอกาสนี้อัพราคา หรือราคาอัพตอนมีงานแบบนี้ทุกปีคะ? ,Negative
พี่ผู้หญิง KU Band ที่ลานดาวคือสุดๆ เสียงเพราะมากกกกกกก ,Positive
พรุ่งนี้พายไปขายของบูธ M30 (โซนนิสิต) มากันๆๆๆๆๆ เจอตั้งแต่14.00-20.00เลยค้าบบบ ,Neutral
ที่จอดในมอเต็มหมดยังคะใครทราบบ้าง ,Neutral
เดินเกษตรแฟร์มาแล้ว 2 วัน เห็นน้องตุ๊กตานี่ไปแล้ว 10 ล้านตัว ,Neutral
MEXIECORN ข้าวโพดคลุกชีสอร่อยนัวมาก ประทับใจคร้าา ใครผ่านมาโซน M ต้องจัด ๆ ,Positive
ติดป้ายไม้ละ 3 บาท แต่ไม่ขายแยกไม้ ขายเป็นมัดละ 50 ถ้างั้นก้ควรติดป้ายราคามัดค่ะไม่ใช่ไม้ เซ็ง จะกินแค่ 5ไม้ก้ไม่ขายกูงง ,Negative
โดยเนจะใส่เสื้อกั๊กสีเขียว เเละจะประจำอยู่ในทุกโซนคอยให้บริการสอบถามข้อมูล ..เข้าไปถามกันได้เลย📍🗺️ ,Neutral
หาเพื่อนไปงานเกษตรแฟร์พน.ช่วงเย็นค่ะ อยากไปหาของกินแต่เพื่อนไม่ว่างสักคน ,Neutral
คนเกือบทั้งกรุงเทพอยู่ที่นี้จริงๆ ,Neutral
ของที่อยากจะรีวิวคือข้าวตังหน้ากุ้ง พิกัดตรงแถวอาคารจักร กุ้งจะออกเค็มแต่หน้าจะหวานตัดกันพอดี ราคา25บาทเอง ซื้อ4แถม1 ถูกจนงงว่าเค้าขายเอากำไรไหม พ่อค้าคือฉีดยาเว่อให้ชิมจนอิ่ม (จริงในถุงมีมากกว่านี้แต่กินลืมถ่าย),Positive
วันนี้เปิดร้านแล้วคับบ ครอฟเฟิลอบใหม่ๆ ร้อนๆ อร่อยมาก การันตีโดยแม่เอง เพราะกินจนจะเจ๊งแระ 🤩 ร้านอยู่โซนนิสิตm242 ข้างkuhome หน้าศาลพระภูมิเยยคับ มีโปรด้วยน้า มาได้ค้าบ ,Neutral
รอเลิกงานจะไปกินพริกหนุ่มใส้แตก ,Neutral
มีใครรับหิ้วไหมง่ะแบบอยากกินแต่ไม่อยากไปเดิน;-; ,Neutral
อร่อยยยย อร่อยตะโกนบอกกก ,Positive
ล่าสุดพี่โดยองเค้ารับจ็อปนายแบบงาน ,Neutral
โซนสัตว์เลี้ยงอยู่ไหนอ่าาาาา ,Neutral
มีตู้กดเงินตรงไหนบ้างไหมคะ ,Neutral
แอนนาเสือศิษย์เก่าม.เกษตร เที่ยวงานเกษตรแฟร์ สวยน่ารักเป็นกันเองมาก ,Neutral
หาเพื่อนเดินเกษตรแฟร์ค่าา ,Neutral
ชอปปี้ส่งฟรีนะคะ ,Neutral
วันนี้ไปเกษตรแฟร์กันนนน ,Neutral
คนจะเดินเล่นก่อนค่อยไปซื้อของกิน สรุปคือหนัก เดินไหวแล้ว ร้อนมากก ของกินก็ไม่ได้ซื้อ คิดถึงห้องที่สุด ,Neutral
ไม่เมาหรอกบัตเตอร์เบียร์ เมาเธอ 💚🍺 📍ร้านวัดดวง BUTTER BEER พิกัด : โซนนิสิต บูท M199 -จ๊ะเอ๋ IG : jjae_pi -วิน IG : win.ats -ริว IG : lee_minghaoo -นน IG : sanonwtt ,Neutral
หาเพื่อนไปเกษตรแฟร์วันนี้ครับ,Neutral
มีใครรับหิ้วของกินไหมคะ หิว ,Neutral
หาเพื่อนเดินเกษตร ,Neutral
ตอนนี้ฝนตกมั้ยคะ,Neutral
สำหรับพี่มาย ,Neutral
โปปป ,Neutral
ไปตอนนี้คนเยอะไหม? ,Neutral
คือถ้าไปเจอคุณลุงต้องอยากเหมาหมดแน่ๆอะ อยากให้ลุงกลับบ้านพักผ่อน🥺 ,Neutral
ไปช่วงไหนคนน้อยบ้างคะ🥹 ,Neutral
ยัดลงไปได้ 13 ชิ้น จมอยู่ในน้ำ 5555 ,Neutral
พบ flo Wolffia วูฟเฟีย(ไข่น้ำ/ผำ)เกรดพรีเมียมได้ที่งานเกษตรแฟร์นะคะ บูธคณะวิทยาศาสตร์โซน K อยู่หน้าจิ้มจุ่มวิดยาเลยค่าา 🍦ไอติมไข่ผำ🍦 สดชื่นดีต่อใจสุด ๆ ใครลองแล้วเป็นอย่างไรมาแชร์กันได้นะค้าา 🥰 ขอบคุณเพจ Sweetlists ค่ะที่ไปตำมา 2 รอบ🤣🤣 ,Neutral
ไอศครีมสาหร่าย Spirulina หอมอร่อย ,Neutral
4 อันนี้คือที่สุด หมูสะเต๊ะทอดอร่อยแบบตะโกนจนต้องซื้อกลับบ้านอีกชุด แล้วร้านข้างๆเป็นไอติมปังย่างเนย ขนมปังเค็มนัวดีตัดกับไอติมหวานๆกำลังดีเลย ส่วนพริกหยวกพลาดได้ไงกินทุกปีอร่อยเหมือนเดิม ละก็มันเขย่าทอดดีมากกรอบทุกชิ้นให้ผงเยอะสะใจ ชอบมาก🤤🤤 ,Positive
กูขอโทษแล้วกันที่ไม่ได้ลงรูปชัดๆว่าคือเป็ดตัวใหญ่ๆที่เป็นตุ๊กตา ,Neutral
รีวิวเกษตรแฟร์เวลาเกือบ5ทุ่มค่ะ ร้อนมาก คนเยอะแบบต่อตูดกันเดินประมานโซนของเล่น นอกนั้นก็แน่นบ้างประปราย ,Neutral
และเจอผู้วิดวะช็อปเขียวคนนึงซื้อข้าวร้านเดียวกัน ที่เป็นข้าวหน้าหมูของkikkoman เพียงสบตากุเหม่อเลย อยากขอไอจีแต่ไม่กล้าทีนี้หน้าเขาติดอยู่เสียดายมากอะฮือออ ,Neutral
วันนี้ ทำเมนูใหม่ล่ะ ✅ คัดกันที่รสชาติจริงๆค่ะ คาเฟ่ที่ไหนแข่งขันกันทางรสชาติ คิดถึงพวกเรานะ ลูกค้าพี่ๆไม่ผิดหวังแน่นอน พร้อมส่งทุกสายพันธุ์ ทักไลน์มานะคะ ,Neutral
เมื่อวานคุณลุงยังมาขายอยู่ไหมคะ🥺,Neutral
ที่งานมีปลาส้มขายมั้ยคะ อยู่โซนไหน พอดีว่าจะฝากพี่ซื้อค่ะ ขอบคุณค่ะ ,Neutral
เด็กเกษตรช่วยกดโหวตให้หน่อยนะค้าบโซนขายเป็นตรงทางเดินไปโรงอาหารที่ชอบมีของขายทุกศุกร์ค่ะเดี๋ยวต้องจ่ายค่าที่เเล้ว(แพงมัก🥹) ขอความเมตตาหน่อยค้าบ🙏🏻🙏🏻 ,Neutral
หนอนพี่ รีวิว เราเปิดถึงวันเสาร์ที่11นี่นะครับ ใครอยากลองเชิญได้เลยครับ ,Neutral
หนอนพี่ ใครยังไม่ได้ลองเชิญที่งานเกษตรเเฟร์นะครับ ถึงวันเสาร์ที่11 นี้ครับ 🙏🏼❤️ ,Neutral
ร้านนี้เปิดเพลงพี่มาร์คด้วยยย แล้วอร่อยมากๆๆๆเลย อูด้งเอาไปสิบนิ้วโป้งเลย ,Positive
หนอนพี่ ออกเพจอีจันใครยังไม่ได้ลองเชิญที่งานเกษตรเเฟร์นะครับ ถึงวันเสาร์ที่11 นี้ครับ 🙏🏼❤️ ,Neutral
ปล่อยบัตรfanmeet kimseonho ใบสุดท้ายค่ะ รอบ : 12 กพ โซน B1 ราคา : 4000 ต่อรองได้ ✅ใครไปเกษตรแฟร์วันนี้ 9 กพ.นัดรับที่งานได้เลยนะคะ ✅สนใจDMได้เลยค่ะ ,Neutral
เสื้อคอเต่าแบบยาว เต็มตัวมีอกถึง 50 เลยเด้อ แมทช์ได้หลายแบบมาก โคเรียโคใจโซคิ้วท์สุด 🎄🧁✨💕 พิกัด ช้อปปี้ https://t.co/6SEo59ZT8A ,Neutral
เอาลุ๊คพ่อค้าขายน้ำงานเกษตรแฟร์วันที่ 8 มาฝากจ้าาาาา หล่อมาก น่ารักมาก @SaranPie มะวานอยู่บูธ M30 เน้อ ,Positive
อยากรู้ว่าคนที่โทรศัพท์หายตอนนี้มีใครได้คืนบ้างยังคะ ,Neutral
โทรศัพท์หายที่เกษตรแฟร์ คือกระเป๋าที่เราใช้เป็นเป๋าผ้าแล้วมันมีช่องเล็กๆตรงกลาง ปกติเราจะชอบเก็บพวกกระเป๋าตัง ลิปในช่องนั้นเพราะมันหยิบจับสะดวก เราจำได้ว่าเก็บทรศไว้ในช่องนั้น แล้วรู้ตัวอีกทีโทรศัพท์ก็หาย โทรไปปิดเครื่อง อยากสอบถามคนที่ทรศหาย ต้องทำยังไงบ้างคะ🥺 ,Negative
ปักหมุด📍📍📍 วาเลนไทน์ทั้งที ไม่มีของขวัญได้ไง ชี้เป้าของขวัญวาเลนไทน์ ช่อดอกไม้ ช็อกโกแลต บรรจุในกล่องสวยงาม ใครได้เป็นต้องปลื้ม 🌹🌹🌹❤️❤️🎉🎉 พิกัด : https://t.co/QcPMZWAFyb ,Neutral
ชวนคนที่แอบชอบ คนที่รัก มาฉลองวาเลนไทน์ล่วงหน้า วันนี้ (9 ก.พ.) มาดู ,Neutral
ดูหนังผีมหาลัยฯในมหาลัยฯมันก็ได้บรรยากาศแปลกๆดีนะ ดูไปแอบเหล่มองตึกข้างหลังไป 😂😂 ,Positive
ขอวาปพี่สองคนนี้หน่อยค่า ,Neutral
มีใครบ่นเรื่องที่จอดรถปะ? แบบกั๊กเว่อร์อะ / อาหารกินเล่นเยอะ ซ้ำๆ กันเยอะ ไม่ค่อยมีอาหารจานหลักเลย ส่วนโค้งร้านอาหารผัดไทยขนมจีนตรงนั้น อ่อไม่กินแน่ๆ จ้า... ,Negative
อะไรมี่มีประโยชต่อสมองมันให้มันแดกเข้าไปเยอะๆ. เผื่อมันจะคิดได้ แล้วค่อยปล่อยให้มันค่อยๆตาย😁😁😁 โง่จัด ,Negative
😆😆 ทำได้ทุกอย่างเพื่อกันชา เด็ดจะโดดเรียนมาดูดยาชั่งแม่มัน😊😊😊 ,Negative
อยากไปอีกนะ แต่ไม่รู้ทำไมถึงไปครั้งเดียวแล้วพอ!!! อาจจะเพราะของกินบางร้านไม่ถูกใจและขายแพง แล้วคนขายของบางร้านก็แคร์แต่พวกบิวตี้สแตนดาร์ด อืมมมม -..- ,Negative
ชั้นแบบบอกลูกค้าว่ามันไม่ฮาลาลนะเพราะอุปกรณ์มันใช้ร่วมกันหมดเค้าก็หันมากลอกว่าน่ารักมากอารมณ์แบบไม่โกหกลูกค้าอะ แงง กุเขินมาก5555 ขอขายของหน่อยค่ะ เรากับเพื่อนตั้งบูธอยู่ที่งาน ,Neutral
ความแค้นกำลังแผดเผาตนเองและครอบครัว😩😩😩 เสียดายคนเก่ง ,Negative
บุหรี่นอก✈️✈️✈️ ❄️บุหรี่เย็น-ร้อน🔥 VIBES 🍫🍫60฿🍫🍫 สนใจตัวไหนสอบถามได้น้า🚨 ,Neutral
ร้านนี้ก้อทีเด็ด บูธ M47 ร้าน KHOR TOAST NA ชื่อร้านน่ารักดี 😂😂😂 ขนมปังดีมากกก หอมเนย กรอบนอก นุ่มใน โคตรดี! กินคู่กะไอติมโคตรเนื้อคู่ ,Positive
��New 𝑪𝒐𝒍𝒍𝒆𝒄𝒕𝒊𝒐𝒏 590 -. / 𝓼𝓮𝓽 💗 เสื้อทวีต+กระโปรงทวีต ได้ทั้งชุด xxsxssm พร้อมส่ง ทักline/ไอจี /ช้อปปี้ ,Neutral
มาถ่ายรูปกันเยอะๆนะค้าบ ,Neutral
ร้านหมูกรอบเชฟเบิร์ดอร่อยโคตรรรรรรรรรรรรรร ,Positive
เจอเคส AirPods ที่งานเกษตรแฟร์ จะเอาไปให้กองอำนวยการ กองอำนวยกานก็ปิดเจอแลแต่ลุงรปภ. พอถามว่าละถ้าของคนอื่นหายอีกต้องทำไงลุงแกก็บอกไม่รู้ ก็เลยเก็บมาละกเอามาโพสลงทวิตเผื่อเจอเจ้าของ ,Neutral
ปาไม่ให้กระป๋องตก มันทำไมดูง่ายแต่ทำยากจัง ,Neutral
สิ่งที่ชุบชูใจชุ้นในเกษตรแฟร์ปีนี้ แค่ชื่อร้านก็กินขาดละ55555 แล้วโกโก้คือดีม้ากก แบบเจ้มจ้นอะ ใครเปง chocoholic คือเริ้บแน่นอนๆๆ ดื่มแล้วมันสาแก่ใจสุสๆ โกโก้แบบตะคอก! 😭🫶🏻 แร้วน้องๆที่บูธคือไนซ์+สรวลมากๆ5555 อยากให้ไปลองกันเยอะๆ ,Positive
"เพราะมองด้วยความรัก เค้าจึงน่ารักเสมอ .. "" ดีใจที่ได้เจอนะ"" มิวสิค แพรวา ",Positive
ขอบคุณแฟนคลับทุกคนที่ไปให้กำลังใจมิวสิคในวันนี้นะคะ 🙏 ,Positive
ดีใจที่ได้เจอ ได้ดูหนังด้วยกันน้าาา ,Positive
วันนี้ก็ดีต่อใจจ้าาาา ,Positive
ตะลุยกินคนเดียวที่เกษตรแฟร์ 4โมง ถึง 4 ทุ่มครึ่ง ของกินไม่ค่อยผิดหวัง แต่พวกน้ำคิดว่าไม่ค่อยโดนอาจจะเพราะเป็นคนไม่กินหวาน ,Neutral
อยากไป ,Neutral
น้องมิวสิคเก่งมาก~👍🏻 เก่งทั้งในจอและนอกจอเลย 👏🏻 ,Positive
น่ารักที่สุด พักผ่อนเยอะๆน๊าาา 🤗🤗🤗💗💗💗 ,Positive
Miu Night 🌙🐶 ,Positive
โซนเล่นเกมต่างๆมีบ้านผีสิงมั้ยคะ ,Neutral
คลิปใหม่มาแล้ว! ประวัติศาสตร์ต้องจารึก ถ่ายเสร็จ 5 โมง ตัดต่อ ทำปก ทำซัพ เสร็จวันนี้!!! ไปดูกันทุกคน ,Neutral
การแสดง Fancy Drill &amp; Colour Guard โดยนิสิต ,Neutral
ไอติมหลอดM87ค่า ,Neutral
เบื่อแล้วนะ.😤😤😤 ,Neutral
โซคิ้วท์มากกกก✨🌷 เกาหลีเกาใจเว่อร์ กระโปรงยีนส์เอวสูงใส่แล้วดูโคเรียสุด ของมันต้องมีแล้วมั้ยงับ ราคาน่ารักด้วยนะ💝🥺 พิกัด : https://t.co/F64oiLe5Rf ,Positive
หาเพื่อนเดินเกษตรพรุ่งนี้คั้บบ อยากไปมากแต่เพื่อนม่ะไปด้วย🥹 ,Neutral
มีโซนไหนคนไม่แออัดบ้างคะ พอจะมีมั้ยยㅠㅠ ,Neutral
มีใครรับจ้างปาบูธ angry birds มั้ยคะ อยากได้ตุ๊กตาเป็ดกลับบ้าน🥹แต่สกิลปาเป็น0 ,Neutral
มาเกษตรแฟร์ด้วย หลงมา555. 🤭😑 ,Neutral
พวกนี้ดึงเชงเก่งมาก เค้าอยากย้ายนี้ก็หาเรื่องให้เค้าอยุ่ต่อ สิทธิประโยชน์อะไรก็ไม่มี ,Negative
สนใจเล่มไหน ขอดูรูปได้ค่ะ ซื้อเยอะลดแหลกแจกแถมไปเลย 🙏🙏 ,Neutral
หวัดดีฮะ น้องเมษา 😁❤️✨ ,Neutral
มินิมอลมาก ชั้นใส่เครื่องประดับอะคริลิก นางหมุนได้360องศาเลยอะ หยิบใช้สะดวก เหมาะกับคนของเยอะแต่ไม่มีกล่องใส่ ,Neutral
มีใครไปมาแล้วบ้าง อยากจะถามว่าที่งานมีร้านขาย Salmon sashimi ไหมคะ? ถ้ามีอยู่แถวไหนคะ? ขอบคุณค่า ,Neutral
คนเยอะสุดๆ ,Neutral
ฟีลลูกคุณมากกกกกกก ไม่น่าเชื่อว่าวงนี้เเค่หลักสิบ มันสวยมากเลยยย 💍💖💖 พิกัด : https://t.co/U6vxTF3xEO ,Positive
มีร้านปิ๊กกีต้าขายมั้ยคับบ🥺 ,Neutral
เจอลุงไนท์หัวหน้าลิงและแก๊งคอเย็นด้วย ดีจุยมากกกกกก ข้าเจอหัวหน้าเผ่าแล้ว อุอุอะอะ ,Positive
โทรศัพท์หายที่เกษตรแฟร์ก็คือทำไรไม่เลยจิงๆดิคนหายเยอะมากเลยนะรวมถึงนี่ด้วยโดนยขโมยไปเมื่อวาน ตำรวจไม่มีตามคดีเลยหรอ ต้องตามกันเอง เห็นว่าเป็นคดีเล็กแล้วไม่ทำอะไรเลยเนี่ยนะ โจรเกลื่อนงาน ,Negative
เป็นกุหลาบที่สวยมากเเละราคาคือจึ้งมากกก หลักสิบเองแก🌹 ไปตำ พิกัด : https://t.co/hn7hlO6N0D ,Neutral
รับออเดอร์อยู่น้า อุดหนุนได้นะค้า 🥰 ,Neutral
ของดีม.เกษตร อยากไปต่อแต่พอแล้ว ละลาย เหมาขนมปังและน้ำ บูทM51 มาทานกันเยอะๆน้า ,Neutral
ยังเดินไม่หมดอยากไปเดินอีก อากาศร้อนๆตอนบ่ายแลกกับคนที่มาเดินน้อยกว่าช่วงเย็น ก็โอเค ได้อุดหนุนเดินชมบูธของน้องนักศึกษาก็ใจฟูชอบแนวนี่🥰 ,Positive
แฟนเราก็บอกว่าเห็นชัดว่าเค้าเอาส่วนที่เหลือใส่กล่องอื่นไว้​ เพื่อจะเอาไปขายต่อในราคากล่อง120(แบบสับไว้แล้ว)​ มาเตือนนะคะ​ว่าจะซื้อของอย่ายืนงงแบบเรา​ ดูดีๆไม่งั้นก็ยกหางไปสับเองที่บ้านค่ะ​ พ่อค้าแม่ขายอย่าทำแบบนี้กันนะคะ​ ลูกค้า​ก็หาเงินมาเหนื่อย​มาซื้อของอร่อยๆกิน​ ,Negative
ไม่ได้เดินเกษตรแฟร์นาน วันนี้ไปเดินมา คือเหนื่อยสัสสสสสสสสสสส แต่ใดๆคือ ม็อคเทลร้านนี้ อร่อย หายเหนื่อย ,Neutral
เตือนแล้วนะ! วันนี้​เราไปซื้อหางหมูกรอบเจ้าดังในงานค่ะ​ เลือกชิ้นราคา240บาท​ แต่สิ่งที่เรากับแฟนเอะใจคือ​ แม่ค้าคน1หยิบไป​ คน2สับๆแล้วเอามาใส่กล่องให้เรา1กล่อง​ ส่วนที่เหลือคือเอาใส่กล่องแต่ไม่ให้เรา​ งง! เดินออกไปแกะกินก็บ่นกับแฟนว่าทำไมน้อยจังทั้งที่เลือกชิ้นใหญ่​ ,Negative
เหลือไม่กี่ใบแล้วค่า Ib ได้เลยงับ ,Neutral
ก็เยอะอยู่นะ🤣 ,Neutral
วันนี้พระจันทร์สวยมากเลยนะ เต็มดวงใหญ่มากเลย ลองออกไปดูสิ🌝🌕 ,Positive
สัมผัสแรกมันเอ๊ะ มันทะแม่งๆ พอกินคำต่อไปคือใช่เลย เหมือนป๊อกกี้ที่ละลายน้ำทั้งแท่งแล้วใส่โซดา แต่อร่อย👍🏻 ,Positive
มาเดิน  เจอ KU Acoustic เล่นเพลง Mr.Everything กี๊ดด,Positive
งาน เกษตรแฟร์66 โซน K รุ่นพี่มิวสิคน่ารัก กดรี ☺️ รุ่นพี่มิวสิคน่าเอ็นดู กดชอบ 🥰 #เทอมสองสยองขวัญ เริ่มฉายแล้วนะ #สหมงคลฟิล์มกลางแปลง,Positive
ช่วยด้วยยยยยย😱😱😱😱 น่ารักเกินปาายยยย 💗💗💗 ,Positive
น้องอยู่ไหนไม่รู้ แต่ที่รู้คือน่าอัวมากก 😖😣😱 ,Positive
อร่อยจนต้องมาซ้ำอีกรอบ หมูกรอบเชฟเบิร์ด มีฝั่งโซน G ด้วย 🤣 ,Positive
ชอบสิ่งนี้ที่สุดแย้ว น้องน่ารัก+อร่อย 💖 ,Positive
Enjoy watching the movie with nong miu 🫶🫶 ,Positive
โคตรน่ารัก 💗💗💗 ,Positive
น้องเมษา 💗💗💗 ,Positive
รุ่นพี่คนนี้จะเจอได้ที่ม.ไหนได้อีก นอกจากที่นี่ ,Positive
มาดูหนังต้องน่ารักขนาดนี้เลย 🤭🤭🤭 ,Positive
รีวิว  ปาเทดกาเสดร้อนชิบหาย ของกินก็แพง รสชาติเฉยๆ ละคือเก็บตังค่าเข้าห้องน้ำ งงมาก ที่จอดรถก็กั๊กไว้ ไม่เปิดให้จอด รถจอดๆกันตามถนนข้างทาง สัตว์ที่เอามาขายคือน่าสงสารมาก น้องจะแห้งตายกันหมดละ,Negative
น้องเมษามารอแล้วน๊าาา 🤗🤗🤗💗💗💗 ,Neutral
ยู๊กหมาาาาา 🐶💕 /ยังอยู่บนบีทีเอสอยู่เลย แต่ไปแน่นอนค่ะ 🥹🥹 ,Neutral
ฝากทำแบบสอบถามค่าา แลกกันได้นะคะ https://t.co/DkyhqHUqLI ,Neutral
น้องเมษามาแล้ว ,Neutral
❤️‍🔥พร้อมส่ง - ชุดปาดไหล่ ราคา 200฿ รวมส่ง เคยใส่ ครั้งเดียว ✅นัดรับ BTS เกษตร-เซ็นทรัลลาดพร้าว สนใจทักเลยค่ะ สีจริงสีม่วงน่ารักมาก นัดรับเหลือ 180฿ ,Neutral
น่าร๊าาากกกก....มาดูหนังกับน้องกัน 🤗🤗🤗💗💗💗 ,Neutral
มาดู #เทอมสองสยองขวัญ พร้อมน้องมิวสิค ในงาน #สหมงคลฟิล์มกลางแปลง กัน น้องมาถึงรอแล้ว ☺️ หนังเริ่มฉายหนัง 1 ทุ่มตรงนะ,Neutral
มีใครรับหิ้วกำไลข้อมือบ้างค้าบ ขอคิดค่าหิ้วไม่แพงงับแล้วไปวันนี้หรือวันไหนก็ได้ครับ🙇🏻‍♀️🥺 ,Neutral
ซื้อเพราะอยากกิน ❌ ซื้อเพราะคนทำ ✅ ,Neutral
ของกินเยอะไม่ไหว เลือกไม่ถูก ,Neutral
ฝนตกไหมค้าา ,Neutral
เกษตรแฟร์ อ่ะมันมีที่จอดรถลับอยู่ เว้ย หลังคณะชั้นค่ะ ว่างเพียบ ไปหาเอาคณะ อก. ,Neutral
ตรงข้ามหนังกลางแปลงมีร้านของนิสิตสัตวแพทย์นะคะ มีทั้งหมูกระทะ วัวหัน จระเข้ ยำ หมูกระทะ ไก่ไวน์ และอีกหลายเมนูเลยค่ะ มาทานกันได้นะคะ❤️ ,Neutral
"งานเกษตรแฟร์ 2566 มาพร้อมคอนเซปต์ ""80 ปี เกษตรนนทรี นำวิถีใหม่ ไทยยั่งยืน"" พบกันได้ตั้งแต่วันที่ 3-11 กุมภาพันธ์ 2566 ภายในงานจัดโซนไว้ถึง 17 โซน! https://t.co/sEx6pjRgxg ",Neutral
หาเพื่อนเดินเกษตรแฟร์ วันที่10นี้คั้บไปคนเดียวเหงามาก😭 ,Neutral
ไม่อยากให้มีรถจอดตรงนี้อ่ะ ขึ้นรถตะลัยไม่สะดวกเลย เหลืออีกไม่กี่วันสามารถแก้ปัญหาได้มั้ยคะ สงสารเด็กที่ต้องมาเรียนหน่อยยย ,Negative
ถ้ากระเป๋าตังค์หาย จะไปแจ้งตรงจุดไหนได้บ้างคะ 🥲 ,Neutral
ใครอยากเจอ เจอคนหล่อ สวย ตอนนี้ค่ะ โซนนิสิต ,Neutral
อยากไปเกษตรแฟร์แต่ไม่มีใครไปด้วยเลยเนี้ยย ,Neutral
นับจำนวนร้านติดป้ายราคา ยังง่ายกว่านับจำนวนร้านที่มันไม่ติดอีด รำคาญที่ต้องคอยเดินถามแม่งทุกร้าน,Negative
ใครมาเกษตรแฟร์ มาอุดหนุนได้นะคะ เราอยู่โซน D หน้าคณะเศรษฐศาสตร์ เดินมาตรง Econ lab จะเจอบูทนิสิตคณะเศรษฐศาสตร์หลายบูทเลยค่า 🤪🍓👀 ,Neutral
ใครมาเกษตรแฟร์ มาอุดหนุนสตอเบอร์รี่โยเกิร์ตได้นะคะ ราคา 39 บาท ฟรีท็อปปิ้ง 1 อย่าง อยู่โซน D ระหว่างบูท D12 D13 หน้าคณะเศรษฐศาสตร์ เดินมาตรง Econ lab จะเจอบูทนิสิตคณะเศรษฐศาสตร์หลายบูทเลยค่า 🫶🏻✨️ ,Neutral
หารีวิวร้านของกินในเกษตรรแฟร์ตามติ๊กต่อก หลายคลิปบางคนตั้งใจเข้ารัานที่คนขายหน้าตาดีเลย ตั้งใจถ่ายเปนคอนเท้น แอบสยองอ่ะ ไม่รู้คนไทยvalueกับคนหล่อสวยอะไรขนาดนั้น ,Negative
เอาดี ๆ Let it โก๋ โก โก้ อร่อยสุบๆ ,Positive
เจอใครอ่า 🤣🤣 เป็นร้านที่แวะแบบไม่คิดเพราะอร่อยแน่นอน ,Positive
หาเพื่อนเดินด้วยกันค้าบบบบ อยากไปมั่ก แต่ไม่มีคนไปด้วยเล้ยยยยย ,Neutral
อยากรู้มากอันนี้มีแบบประเมินบ้างมั้ย เพราะเค้าพูดไม่ดีเลยจริงๆ หน้าเหวียงด้วย ,Negative
วันนี้เปิดร้านแล้วคับบ ครอฟเฟิลอบใหม่ๆ ร้อนๆ อร่อยมาก ทิ้งไว้สักพักยังกรอบอยู่ รีวิวโดยลูกค้าที่มากิม 🤩 ร้านอยู่โซนนิสิตm242 ข้างkuhome หน้าศาลพระภูมิเยยคับ มีโปรด้วยน้า มาได้ค้าบ ,Positive
รับหิ้ว ของgot7 งานม.เกษตร วันนี้นะคะ ชิ้นเล็ก 10บาท ใหญ่ 20 ค่ะ ,Neutral
มันบดชีสบูธเราอร่อยมากทุกคน พูดแบบไม่อวย คืออร่อยจริง ๆ ขายเองซื้อกินเอง ถ้ายังไม่เชื่อต้องมาลองละ บูธอยู่โซนร้านนิสิต M115-118 นอกจากมันบดแล้วเบอร์เกอร์ก็มีด้วย มาเถอะ 🥹🥹🥹🥹 ,Positive
การนอนหลับสามารถช่วยฟื้นฟูร่างกายของเราได้ โดยในกลุ่มวัยช่วงอายุ 18-25 ปี ควรนอนพักผ่อน 7-9 ชั่วโมงต่อวันเลยนะ 🥱🤤 . อ่านต่อ : https://t.co/D0bgQ7yqjA . ,Neutral
รีวิว เที่ยวงานเกษตรแฟร์ 2566 (Kaset Fair) ตั้งแต่วันที่ 3-11 ก.พ นี้ 🔗 https://t.co/Huqo0Ftocm หากคุณชื่นชอบการรีวิว มาร่วมส่งคอนเทนต์กับเรา : https://t.co/2se578Zdpa พวกเรารออ่านคอนเทนต์ของคุณอยู่นะคะ ,Neutral
หาเพื่อนไปเดินเกษตรแฟร์ตอนนี้จะมีมั้ยอ่ะ🥹 ,Neutral
หาเพื่อนเดินนน,Neutral
เคยไป 1 ครั้ง ไม่อิน ละไม่ไปอีกเลย ,Negative
ใครไปคนเดียวบ่างง หาเพื่อนเดิน ,Neutral
ปัญหาของปีนี้คือร้านค้าไม่ติดป้ายราคาเยอะมากต้องเข้าไปถาม บ้างทีถามก็ไม่ตอบ(อาจจะด้วยหลายๆเหตุผล) บ้างคนหิวก็ซื้อเลยล่ะกันคิดว่าราคาคงไม่แพง แต่พอจ่ายจริงก็คือแพงมากๆ อยากให้บังคับให้ร้านค้าติดป้ายราคาให้ชัดเจนหน่อยเถอะ ,Negative
รู้จัก ม.เกษตร ให้มากกว่าที่เห็นจาก ,Neutral
ร้อนมากกกกกกกกกก ,Negative
เกษตรแฟร์หรอ หรือจะสู้หนุ่มเกษตรอะ เกินไปป่าว 🔥🔥 https://t.co/hehMXgIg3T ,Positive
เมื่อกะเทยชวนเพื่อนไปงาน ,Neutral
กาละแมแม่เกดที่งาน ไม่อร่อยเลยหวานอย่างเดียว แถมแม่ค้าหน้าไม่รับลูกค้าอีก ,Negative
ไปกันจ้า เหลืออีกหลายวัน ไปจอยพลังวัยรุ่น ,Neutral
ขนมจีนร้านไหนอร่อย ,Neutral
เกษตรแฟร์มีโรตีขายไหมคะ ,Neutral
หลัง1ทุ่มคุณลุงยังอยู่ไหมคะใครทราบบ้าง🥺 ,Neutral
พ่อค้าอยู่ M30 นะค้าบบบอยู่โซนนิสิตตต ,Neutral
ไส้กรอกตบทรัพย์ในตำนาน! สาวสั่งมากินในงานดัง งาน ,Negative
สุดถวิลเป็นเบอร์เกอร์ร้านโปรดของเราร้านนึงเลย กินกี่ครั้งก็อร่อยเหมือนเดิม ราคาเริ่มต้นที่ 79฿ มีหมู/เนื้อ/ไก่ทอด แนะนำมากๆ ร้านอยู่โซน K58/1 แถวที่มีรถฟู้ดทรัค ,Positive
ใครมางาน ช่วยรีวิวหน่อย,Neutral
เปิดแล้วค่า ไอติมกะทิบัวลอย โซนนิสิต บูทM44 ไอติมหวานมันทานคู่กับบัวลอย เข้ากันสุดๆ ราคาถ้วยละ 29 บาท เท่านั้น!!! มาซื้อกันเยอะๆนะค้าา 🙇🏻‍♀️🙇🏻‍♀️ ,Neutral
สั่งกินเข้ามาได้ตลอดเลยนะคะ นม THC พร้อมเสริฟค่าาา 🥛💤💪🏻 กดลิ้งค์ด้านล่างแล้วเข้ามาสั่งกันเลย 🛒 https://t.co/enn6K2IeAB ,Neutral
อะไรที่ทำให้ I’M YOURS ‘โยเกิร์ตผลไม้ฟรีซดราย’ ของเราไม่เหมือนใคร✨ ในหนึ่งซองซ่อนอะไรไว้บ้าง มาดูกันนน อร่อยมีประโชน์ กินแล้วไม่รู้สึกผิด เปลี่ยนจากการกินโยเกิร์ตแบบถ้วยมาสู่ขนมคบเคี้ยว ทานง่ายทุกที่ทุกเวลา 💖 ,Neutral
เนื้อจระเข้ของข้าาาาา อาโหร่ยยยย ,Positive
ไปตอน13.00จะมีของขายยังคะคนจะเยอะมั้ย ,Neutral
รับหิ้ว ของgot7 งานม.เกษตร วันนี้นะคะ ชิ้นเล็ก 10บาท ใหญ่ 20 ค่ะ ,Neutral
พิกัด หน้าตึก45ปี คณะวิทย์ ปล.ไม่มีของหยางหยาง 杨洋 ,Neutral
นอกจากอาคารจอดรถละมันไปจอดไหนได้บ้างเนี่ย ,Neutral
‼️แจ้งเตือน‼️ แฟนๆ มิวสิค ,Neutral
เมี่ยงปลาเผาร้านนี้อร่อยมากกกกก เราสั่งเมี่ยงปลาทับทิมเผา มีบุฟเฟ่ผัก ปลาตัวใหญ่สุดๆ ราคา300฿ถ้วนค่าพี่ ตกใจมากเว้ออออ ปลาสดเนื้อแน่นอิ่มฝุดๆ พี่ๆคนขายก็น่ารักมากๆๆแกกก ลองไปกิน ชื่อร้านเมี่ยงปลาเผาเก้าแสน อยู่หน้าเวทีกลางเลยค่า ,Positive
สำหรับใครที่จะไปเกษตรแฟร์เราขอเตือนเลยว่าดูแลทรัพย์สินของตัวเองดีๆล่าสุดเพื่อนเราโดนขโมยโทรศัพท์ไปแล้วสดๆร้อนๆเมื่อคืนเลย ตอนแรกก็ถือถ่ายกันปกติแต่พอกำลังจะเดินออกเพื่อนดันหาโทรศัพท์ไม่เจอ เราก็ช่วยโทรหาแต่มันปิดเครื่องหนีไปแล้วเราเลยพากันไปแจ้ง มีต่อ ,Negative
ทุกคนเคยทานต๊อกบกกีกับซอสหมาล่ากันมั้ยย 🙌🏻 เป็น combination ที่ดีม๊ากก อยากให้ทุกคนได้ลองง🥹 ซอสโรเซ่หมาล่าหอมๆ เค็มหวานลงตัว กับเครื่องต๊อกบกกีแน่นๆ ฟินสุดไรสุดด‼️ มีลูกค้ากลับมาซื้อซ้ำเยอะมากๆๆ 📍M190 โซนนิสิต ,Positive
มอเกษตรศาสตร์ถ้ายังจัดการขยะไม่ได้ก็อย่าจัดงานเกษตรแฟร์ มีปัญญาเก็บค่าเช่าก็ช่วยมีระบบจัดการขยะที่ดีกว่านี้ด้วย ,Negative
แม่อย่าแกล้งน้อง555525252525555ขำมากหายใจไม่ออกช่วยด้วย55525555555555555 ,Positive
แว้บแรกคือเหมือนเจ๊กุ้งจริงๆ555555525255 เริ่ดมากตัวแม่จะแคร์เพื่อ เวรี่กู้ดสุดสุด 555555255252552555555 📍 https://t.co/GeZID6NQMv ,Positive
เดินมารอบงานเกษตรแฟร์ ขอให้ร้านนี้เป็นอันดับ 1 อร่อยมากกก แถมราคาโคตรดีไม้ละ 10 บาท เหมือนเป็นร้าน ngo ไม่แสวงผลกำไร 😂😂😂 เนื้อชุ่มฉ่ำมากก ตรงมันเนื้อนี่โคตรดี เกรียมๆ โคตรดี! น้องๆการันตี “อร่อยไม่ซ้ำ จำสูตรไม่ได้ แฮ่!” 😂 ,Positive
หมูกรอบเชฟเบิร์ด โซน A ข้างเวทีกลางคืออร่อยวัวตายควายล้ม หนังกรอบ ไม่แข็ง เนื้อเยอะ ไม่มัน น้ำจิ้มแซ่บ กะซื้อกินขำๆ อร่อยเวอร์วัง กินหมดอย่างไวจนลืมถ่ายรูป ,Positive
แล้วเป็นไรร้านค้าไม่ค่อยจะติดราคากัน มันผิดกฏหมายนะรู้มั้ย ,Negative
เดินมาเรียบร้อย  วันอาทิตย์ที่ผ่านมา จากใจเด็กเกษตรฯ รีวิวสั้นๆ คนเยอะเกินเบอร์ งานใหญ่มาก!!! เดินตั้งนาน ได้แค่ 1 ใน 3 ของกินเยอะจริง ไฮไล์คือบ้านผีสิง เหมือน ปยอ. 40 บาท แต่น่ากลัวโคตร😂 ของกินอร่อย ชอบสุดคือแพนเค้ก Souffle แถวใกล้อนุสาวรีย์สามบูฯ,Positive
วันนี้ อ. 07 ก.พ. 2566 ช่วงบ่าย ๆ เกือบจะเย็น เดินงานเกษตรแฟร์แบบทัวร์ชะโงก เพราะว่า หวั่นคนเยอะและรถติด เกรงจะถึงบ้านช้า จึงเดินแบบรีบ ๆ ซึ่งจากที่เดินดูคร่าว ๆ อาหารคาวหวานหลากหลาย ราคาดีงามเป็นมิตรกับเงินในกระเป๋าสตางค์มาก ครับ 🧸 ,Positive
ผลไม้ตักปั่น มาทุกวันกินทุกวัน อร่อยไม่ซ้ำจำสูตรไม่ได้เพราะเราตักเองง แต่พ่อค้าน่ารักมากกก กลัวรสชาติไม่เข้ากันก็ถามได้ แนะนำดีด้วย ต้องไปลองง ,Positive
ร้านนี้รับประกันมาก อร่อยแบบ10ๆๆๆๆ นี่วันอาทิตย์ไปซื้อมา วันอังคารยังกรอบอยู่เลย งง แคปหมูแม่ไม่อยู่ G01G02 ,Positive
ไอติมผักชีถั่วตัดดด อร่อยมากฮือออ 10/10เลย!! ,Positive
วอนร้านค้าติดราคา อยากกินแต่ไม่อยากเสี่ยง ขอบพระคุณค่ะ☺️ ,Negative
มึงไอ่เหี้ย สูบพอร์ตตาสทางเดินคือมีมารยาทมั้ย กาลเทศะนิดนึง ,Negative
คนเยอะยิ่งกว่า bts ช่วง rush hour ,Negative
เนื้อย่างร้านนี้อร่อยมาก ใครมาเดินเกษตรแฟร์แนะนำเลยค่ะ ไม้ละ15บาท อยู่โซนบู๊ทขายอาหารของน้องๆนิสิต❤️❤️ ,Positive
Kaset fair 2023 | เกษตรแฟร์2566 ของกินเพียบ ต้นไม้ถูก สัตว์เลี้ยง และสวนสนุก ,Positive
นอกจากคณะสัตวแพทย์จะเปิดร้านอาหารแล้ว ก็ยังมีบูทบริการให้คำปรึกษาเกี่ยวกับสัตว์เลี้ยง ฉีดวัคซีนป้องกันโรคพิษสุนัขบ้าและถ่ายพยาธิสุนัขและแมวฟรี โดยพี่หมอสัตวแพทย์ ระหว่างวันที่ 3 - 11 กพ. 66 ณ เต็นท์คณะสัตวแพทยศาสตร์ ตรงข้ามปั๊ม ปตท. ด้วยนะคะะะ ,Positive
อยากรีวิว เกษตรแฟร์66 (ผมน่ะเพิ่งไปครั้งแรก) เริ่มจากไปถึงงานตั้งแต่16.00 กลับตอน22.00 ก็คืออยู่จนปิดงานเดินแบบ6ชั่วโมงจริงๆ //สุดยอดมากเจ้าขา👍🏻 ต้องบอกก่อนว่าไม่ได้ถ่ายรูปเน้นไปเดินกินมากว่า สวนนี้คือที่ไปเดินมา5555 ผมน่ะเข้ามาจากประตู2 เริ่มเดินตั้งแต่โซนK ,Positive
งานเกษตรแฟร์นี้นี้ แจ่มมาก https://t.co/4G7mbv6XHB ,Positive
ของดีเกษตรแฟร์ปีนี้ ☺️ แวปแรกคืออปป้าจากเกาหลีแน่ๆ เลขบูธอยู่ในรูป ไปอุดหนุนน้องๆกันได้น้า ,Positive
อยากตามหาพี่คนนึงคับเห็นตรงทางเดินพี่ขับรถ หยุดรถแล้วยักคิ้วให้หนูข้ามถนน พี่ทะเล้นมากๆถ้าเจอโพสต์นี้ ฝากแปะๆไอจีไว้หน่อยได้ไหมคับอยากส่อง🥺🥺 ,Positive
ร้านไมโลโรงเรียนตรงแถว 3 บูรพาจารย์ แย่มาก ตอนจะไปซื้อ ร้านกำลังตะโกนโปรโมทแก้วไว้ใส่ไมโล (ดังภาพ) ราคา 70฿ เราเข้าไปซื้อแก้วธรรมดาราคา 45฿ เพราะอยากกินแค่ไมโล ไม่ได้อยากได้แก้ว สิ่งที่ร้านทำคือ (ต่อ) ,Negative
เดินตามหาอยากจะกิน รอคิวเยอะมาก 🍓🍓🍓🍓 ,Negative
นั่งอ่อยอยู่ที่เกษตรแฟร์ 🥤🍡🍰 ,Neutral
วันนี้มีใครไปเดินงานเกษตรแฟร์มั้ยคะ พอดีจะขอรบกวนช่วยทำแบบสอบถามให้สักเล็กน้อย 🥺🥹 (เราต้องใช้ข้อมูลของคนที่มาเที่ยวงานเกษตรแฟร์ในวันธรรมดาอะค่ะ 🙏🏻🙆🏻‍♀️) เป็นงานของคณะค่ะ ขอบคุณล่วงหน้านะคะ 💚 https://t.co/u2NLpzSmJh ,Neutral
กระเป๋าตังหายเเจ้งที่ไหนได้บ้างคะ ,Neutral
เดินเกษตรแฟร์5ชั่วโมงเต็ม มันตายได้เลยนะ แต่ผู้ชายทำให้เราต้องอยู่ต่อ✌️ ,Positive
ใครพอมีพื้นที่ว่างเลี้ยงน้อง ช่วยรับน้องไปอยู่ด้วยหน่อยค่ะ น้องๆน่ารักมากเลย กำลังรอคนใจดีพาไปอยู่ด้วย💗🙏🏻 ,Neutral
ร้านเริ่มเก็บรึยังคะ ,Neutral
เจ๊แขกอยู่โซนไหนคับบบบ ,Neutral
ปิดกี่โมงคะะะะ อยากไปปป ,Neutral
รีวิวเกษตรแฟร์ปีนี้ ร้านข้าวโพดคลุกเนย 58 ร้าน ,Positive
ทุกคนนนนนนนนน ใครมางาน ม.เกษตร เราแนะนำเลยให้มาจอดแถวเลยป้ายคณะสถาปัตยกรรม หลังป้ายนี้เลี้ยวซ้ายเลย พี่ๆเค้าเก็บคันล่ะ 20 บาท จอดได้ตลอดคืน ,Neutral
เดินงานเกษตรเเฟร์ ระวังพวกชอบล้วงกระเป๋าด้วยนะครับ สน. บางเขนได้เเจ้งผมมาว่า มีโทรศัพท์หายมากกว่า20เครื่อง เเล้วทำการปิดเครื่องหนี ระวังกันด้วยครับ ,Neutral
อยากไปเดินเกษตรแฟร์อีก ยังชิมไม่ครบทุกร้านเลย ,Positive
ทุกคนน ใครมางานเกษตรแฟร์ช่วยคุณลุงซื้อขนมหน่อยได้มั้ยย คุณลุงบอกว่าชื่อ ลุงหนึ่ง ขายขนมบราวนี่ คุกกี้ คุกกี้ธัญพืช เราลองซื้อมา 3 กล่อง 99฿ ถือว่าอร่อยใช้ได้เลย คุณลุงมาตามูลนิธิคนพิการ เห็นคุณลุงตะโกนจนไม่มีเสียงแล้ว ใครสนใจช่วยเหลือคุณลุง ,Neutral
จุดที่วินจอดในงานเกษตรแฟร์ ประตู 1 ถนนสุวรรณ สระว่ายน้ำ กรมการข้าว แยกคหกรรม สหกรณ์ ประตูงาม 3 หอหญิง สำนักพิพิธภัณฑ์ โรงยิม หน้าอาคารจักรฯและแยกวิศวะ ,Neutral
หาคนรับหิ้วกำไลแบบนี้ โซนBคั้บบ ,Neutral
หาโซนไหนไม่เจอเลยนอกจากโซนA ,Neutral
ไปช่วงไหนคนน้อยๆคะ เห็นคนลงรูปในงานคือเบียดกันมากแทบขยับไม่ได้ ,Negative
วันนี้หมัมมี๊พาน้องจุนมาขึ้นชิงช้าสวรรค์ฮะ💗 ,Positive
อยากไปงานเกษตรแฟร์แต่กลัวไม่มีที่จอดรถจัง😭😭😭 ,Negative
ไปตามรีวิวมาฮับ ผมนี่กรี๊ดเลยครับ โดนไปหลายเล่ม ,Positive
ถ้าอยากชนะใครที่นี่ตอนนี้ คงหากันไม่เจอแน่ๆ ,Neutral
ตอนนี้พื้นแห้งยังคะ ,Negative
อาหารมื้อเย็นนน☺️😝 ,Positive
ถ้ารักลูกบอกให้ลูกกินข้าวคะคุณพ่อ ,Positive
ตอนนี้คนเยอะไหมคะ,Neutral
หาคนเดินเกษตรเป็นเพื่อนค้าบ ,Neutral
จุดจอดรถจ้า ,Neutral
คนยังไม่ค่อยเยอะ น่าจะเริ่มทะยอยกันมาหลังเลิกงาน เลิกเรียน ,Neutral
ยังมีแถ่กนี้อยู่มั้ย ,Positive
ไปอุดหนุนคุณลุงกันเยอะๆนะคะ ขนมอร่อยมากจิงๆ 😊,Positive
วินมอเกษตรจาก15เป็น20 ขอร้อง อิเหี้ย ฟ้องใครได้บ้าง ,Negative
หาคนเดินงานเกษตรแฟร์ด้วยฮะ,Neutral
มีใครไปแล้วไปคนเดียวบ้างมั้ยคะ หาเพื่อนเดินด้วยคับ เราถึงแล้วคับ 🥹 ,Neutral
ตอนนี้ไปได้มั้ยคะ เมื่อกี้เพื่อนโทรมาบอกว่าน้ำท่วมอ่ะ เลยงงๆ ,Negative
ขอสอบถามค่า ร้านมันเกลียวอยู่ตรงไหนเหรอคะ ,Neutral
เตรียมตัวออกเดินทางได้…งานเกษตรแฟร์ ประจำปี 2566 📌 งานเกษตรแฟร์ 66 📌 3-11 ก.พ. 66 เวลา 10.00น.-22.00น. 📌 ม.เกษตรศาสตร์ บางเขน ,Neutral
【บอกว่ามาไลฟ์】 ฟรีทอล์คคนหนีเที่ยวงานเกษตรแฟร์ครับ หมดเงินหลายล้านบาทมากๆ แวะมาฟังคนป้ายยาได้ ปล.ไม่มีสปอนใดๆทั้งสิ้น อยากบอกต่อล้วนๆ 20.30 น. https://t.co/KFnDF2SOrk ,Negative
แวะไปทานกันเยอะๆ นะคะ ห้ามพลาดน้าา ,Positive
ใครชอบมะเขือเทศลูกเล็กๆ มันมีหลายพันธุ์เลยเรียกไม่ถูก5555555 ในงานเกษตรแฟร์แถวโซนศร4 สามารถเลือกเองได้ด้วย กระปุกละ40 แนะนำงับ ,Positive
วันนี้มีใครไปงานเกษตรเเฟร์มั้ยคะ เราอยากฝากอุดหนุนขนมของคุณลุงท่านนึง แต่นำขนมไปแบ่งทานกันได้เลยนะคะ ใครสะดวกบอกเราทีค่ะ ,Neutral
เกษตรแฟร์ช่วงเที่ยงๆบ่ายๆมีของขายเยอะยังคะ เราจะเอารถส่วนตัวไป ไม่อยากไปเย็นกลัวไม่มีที่จอดค่ะ🥺 ,Negative
ทำไมไม่มีพูดถึงหนังกลางแปลง มันดีมากๆนะ ฟิลคือใช่ เรื่องดีๆทั้งนั้น เงียบสงบ มานั่งกินไม่วุ่ยวาย เหมาะสำหรับคนที่ไม่ชอบคนเยอะแบบฉันมากๆ 😉,Positive
ใครจะไปเกษตรแฟร์ แนะนำ โซนนิสิต M88 “บราวปั่นมั๊ยเตง”แนะนำ ดีจริงๆ อร่อยด้วย ไม่แพงเลย แก้วละ49บาทเอง อยากไปกินทุกวัน 🥺💗 ,Positive
ร้านสตรอเบอรี่ที่แปะป้ายว่า 80 บาทนี่ร้านเดียวกับปีที่แล้วที่มีคนร้องเรียนว่าซื้อจริงกล่องละ150ไหม คือปีนี้โดนอีกละ แปเป้ายว่ากล่องละ 80 บาท พอไปซื้อกลายเป็นกล่องละ 150 สรุปก็คือแปะป้ายเดียว แต่ขายหลายแบบ หลายราคา ทำไมไม่แปะให้ครบทุกแบบวะ ,Negative
รีวิว เดินเบียด ปวดขา ปวดหลัง เพื่อมากินกุ่ยฉ่ายบางกรอบร้านละกลับ จบการรีวิวคะ,Negative
เดินกันขาลาก!!! จบที่ได้เสื้อยืดแตงโมยุค Y2K ไปใส่ สบายใจ🍉,Positive
หมูปิ้งอร่อยมาก 😁 ใครไป อุดหนุนน้องๆได้นะครับ ,Positive
แนะนำกดเงินสดไปเผื่อนะคะ แสกนจ่ายบางทีเนตไม่โหลดเพราะคนเยอะ เงินสดสะดวกกว่า ,Neutral
นี่โดนไม้แบบไม้เสียบลูกชิ้นที่ถูกทิ้งอยู่บนพื้นสนามหญ้าทิ่มที่เท้า เลือดเลยแต่แผลไม่ได้ใหญ่ เล็กๆเลยไม่เป็นไร ทุกคนระวังกันด้วยนะคะ ,Negative
เหลี่ยมทุกอย่าง ทั้งเก็บเงินแบบเว่อวัง แล้วมาบอกว่าม.ไม่รัก ,Negative
คะมะม่วงเบาแพงมาก ทุกคนถามราคาดีๆนะ ,Negative
ใครไปเกษตรแฟร์ ระวังโจรล้วงกระเป๋านะคะ เพื่อนเราโดนล้วงโทรศัพท์ในงานเกษตรแฟร์ไปค่ะ ตอนนี้ก็ยังไม่ได้คืน ระวังกันด้วยนะคะ ,Negative
ทับใจทิสุดดดดดด อร่อยแบบงงๆว่าอร่อยได้ไง ,Positive
รุ่นน้องโดนขโมยโทรศัพท์ในงาน น่ากลัวมากเลย ระวังกันด้วยนะทุกคน ,Negative
ทุกคนรอบตัวได้ตุ๊กตาเป็ดยกเว้นผม🥺🥺 ,Negative
@wolsipa ตอนแรกว่า จะถ่ายทุกอย่าง แค่ถือของกิน ก็ไม่มีมือ ถือกล้องแล้ว ,Neutral
พาตะลุยงานเกษตรแฟร์ปี66 ฉบับเกดซี่กัน 😘🥰 ขอลกินแบบจุก จุก!! ไม่พูดเยอะ ,Neutral
ทำไมต้องมองเลาด้วยสายตาแบบนั้น...😅😅😅 ,Neutral
โอวินตินขายตรงไหนอะ เราหาไม่เจอเลยTT ,Negative
ห้องน้ำอยู่ไหนคะ ,Neutral
ไม้อื่นก็มีจ้ะะะะะ 🌼🏵️🌺💮🌸 ,Neutral
ขอโทษนะคะ วันนี้จะหาเพื่อนเจอไหม เดินวนไม่ถึงสักที ใหญ่ไปไหนแม่ ,Neutral
ร้านต่างๆเริ่มเปิดกันตั้งแต่กี่โมงคะ ถ้าไม่ไปช่วงเย็นของจะขายเยอะมั้ย ,Neutral
ประเด็นคือมันไม่ควรทิ้งค่ะ มันไม่ใช่ที่ทิ้งขยะ และถึงมันจะมีถังขยะน้อยก็ไม่ควรทิ้งค่ะ จิตสำนึกเนาะ อีกอย่างเลยคือสังเกตมาทุกที่ทุกตลาดนัดคือเห็นเสาไฟ โคนต้นไม้ เป็นไม่ได้ วางสุมกันตามโคนเสาโคนต้นอยากถามว่าเป็นอะไรก๊อนนน ,Negative
ร้านสง่าม.เกษตร ลุงป้าคือพูดจาดีมากกก แบบดีเลยอ่ะน่ารัก หาเล่มไหนไม่เจอก็หาให้ ใครไปเกษตรแฟร์ก็แวะไปได้นะคะ อยู่ตรงโรงอาหารบาร์ใหม่ เปิดแมพดูได้ค่ะ💗 ,Positive
ข้าวโพดชีสร้านไหนอร่อย ,Neutral
หาเพื่อนเดินเกษตรแฟร์วันนี้ครับ ,Neutral
เราไม่แน่ใจว่าระหว่างวันคนเลี้ยงได้ให้อาหารน้องบ้างมั้ย แต่สภาพน้องๆหมูแคระที่เราเห็นคือดูอิดโรย และดูหิวโหย แบบพอคนซื้ออาหารไปป้อน น้องก็เหยียบแย่งกันกินอาหารเหมือนไม่ได้กินอะไรมาเลย ,Negative
ทำไมรู้สึกว่ามันอร่อยกว่าแบบแก้ว555555 📍พิกัด 👉🏻 ปักให้ในเม้นนะ แบบนี้มีอยู่ร้านเดียว ,Positive
ฝนหยุดรึยังค้า ;-; ,Negative
จอดรถไหนได้บ้าง ,Neutral
ฝนหยุดตกยังคะ ,Neutral
เอารถยนต์ไปสามารถจอดตรงไหนได้บ้างหรอครับ ,Neutral
ฝนยังตกอยู่ไหมคะ ,Neutral
ฝนหยุดตกยังคะTT ,Negative
ฝนหยุดตกยังฮะ ,Neutral
เพื่อนบิดโหด จะจ้างคนไปเดินเกษตรแฟร์ด้วยละงับ😿 ,Neutral
ฝนตกไหมม ,Neutral
เกษตรแฟร์มีถึงวันไหนอ่ะ ,Neutral
เจอโดยองแรววว ,Positive
ตอนนี้จตุจักรฝนตกค่า เกษตรแฟร์ตกมั้ย 🥹 ,Neutral
อร่อยแบบตะโกนนนนนน 😋 ต้องมากิน ทั้ง 2 ร้านนี้ โซน K ,Positive
กินจุแบบดุดันไม่เกรงใจใคร 😂 https://t.co/EGwuQgNCCa ,Positive
สดชื่น ยามสาย ,Positive
อาหารมื้อเช้า ,Neutral
ผช ภาระหมายเลข1🤣 ตัวติดขนาด สลิดทุกวินาที55 ,Positive
เราซื้อกระต่ายมา2ตัว เสียไปแล้ว1ตัว อีกตัวแอดมิดอยู่รพ. น้องท้องเสียหนักมาก โอกาสรอด20% 😢 ใครซื้อกระต่ายมาจากงานอย่าลืมพาน้องไปตรวจสุขภาพนะคะ ก่อนที่มันจะสายเกินไป คุณหมอแจ้งว่าในคอกมีสิทธิติดหมดทุกตัว ,Negative
เครียดมากกับราดช็อคโกแลต @SaranPie ,Negative
รับบทพ่อค้าหิว @SaranPie ,Neutral
เจอกันใหม่ปีหน้าชอบทุกอย่างยกเว้นคนเยอะเกิ๊น ปีแห่งคอนเทนต์คอนใจ🤣 ,Positive
ส่งการบ้านนะแม่ @godji_godji อร่อยมากจริงๆ สมกับการไปตามรอย ,Positive
ไปเล่นโซนเกมกะเอาตุ๊กตา เสียไปหลายร้อยไม่ได้ มองคนที่ได้ เห็นเเต่คนมากับแฟนละแฟนตกให้ นี่กับอิ่มเอมมองหน้าตาปริบๆ ,Negative
รุ่นพี่คนนี้จะเจอได้ที่ม.ไหนได้อีก,Neutral
โอวัลตินบุฟเฟต์ตักท็อปปิ้งเองไม่อั้น ในงานเกษตรแฟร์ มีแค่ 2 บูธ อันนี้ของโอวัลตินมาขายเองเลย ท็อปปิ้งคือตักได้จุก มี 5 อย่างเลย  แก้วละ 55,Neutral
“เกษตรแฟร์ดีต่อใจ” 💚🫰🏻🌿,Positive
บ่ายแล้ว ทานข้าวกลางวันกันคะ,Neutral
ร้านนี้ก้อทีเด็ด บูธ M47 ร้าน KHOR TOAST NA ชื่อร้านน่ารักดี 😂😂😂 ขนมปังดีมากกก หอมเนย กรอบนอก นุ่มใน โคตรดี! กินคู่กะไอติมโคตรเนื้อคู่,Positive
ฝากเตือนคนที่กำลังจะซื้อกางเกงยีนส์ร้านนี้นะคะ ถ้าโอนเงินปลายทางชื่อธัญญากร นามเขต ไม่ต้องโอนนะ เขาโกงค่ะ โกงหน้าด้านๆ ตอนนี้นางใช้ชื่อไอจีว่า,Negative
เปิดร้านนะคะ ถูกมากกก ‼️,Positive
คิดดู ถ้านั่งดู หนังผี,Neutral
อุนแม่คนไหนพลัดหลงกับน้องชีต้าลีที่เกษตรแฟร์ น้องรออุนแม่มารับกลับอยู่ที่ร้านนี้ โซน K นะคับ 🥹,Neutral
เมื่อเราไปเดินงาน ,Neutral
คนอื่นขอถ่ายรูปคู่ แต่กูขอให้เขาถ่ายคู่กัน 😂😂🤏🏻 ,Positive
เด็กหญิง สก็อตติช หาบ้าน,Neutral
สวัสดีเช้าวันอาทิตย์ วันหยุด แต่เราไม่หยุด,Neutral
ร้านนี้เปิดเพลงพี่มาร์คด้วยยย แล้วอร่อยมากๆๆๆเลย อูด้งเอาไปสิบนิ้วโป้งเลย ,Positive
อร่อยจนต้องมาซ้ำอีกรอบ หมูกรอบเชฟเบิร์ด มีฝั่งโซน G ด้วย 🤣 ,Positive
พ่อค้าสลายตัว 🤧,Negative
ผู้โชคดี in เกษตรแฟร์ เราร้องละ😭💖,Positive
ของดีม.เกษตร อยากไปต่อแต่พอแล้ว ละลาย เหมาขนมปังและน้ำ บูทM51 มาทานกันเยอะๆน้า ,Positive
เมนูแนะนำเกษตรแฟร์ก็คงต้องยกให้ 2 อย่างนี้👀 อันแรกผักทอดที่เลือกผงคลุกได้ ตอนแรกไม่ได้คาดหวังแต่ผักบุ้งทอดคือเกินคาด✨อันที่2 ผลไม้เคลือบน้ำตา,Positive
การแสดงของเจอร์ข้าวนาในงานแข่งกีฬาคณะ ก็ยังมีเนื้อหาเกี่ยวกับเพศ ทำไมถึงวนอยู่แต่เรื่องนี้ล่ะคร้าบบบ ,Negative
วันนี้วันสุดท้ายแล้วจ้า ไปกันๆ @mmikesiri,Neutral
น้องเมษาอีกสักเซ็ต 😙❤️✨,Positive
โทรศัพท์หายที่เกษตรแฟร์ก็คือทำไรไม่เลยจิงๆดิคนหายเยอะมากเลยนะรวมถึงนี่ด้วยโดนยขโมยไปเมื่อวาน ตำรวจไม่มีตามคดีเลยหรอ ต้องตามกันเอง เห็นว่าเป็นค,Negative
ฮรือออออมาแร้วได้ไรผายมือค่า พระเจ้าจี  ,Positive
แอนนาเสือ ที่ เกษตรแฟร์ค่า น่ารักมาก ❤️😝😅 กดติดตามช่องไว้เลย anna_suea ค่า,Positive
เนื้อย่างร้านนี้อร่อยมาก ใครมาเดินเกษตรแฟร์แนะนำเลยค่ะ ไม้ละ15บาท อยู่โซนบู๊ทขายอาหารของน้องๆนิสิต❤️❤️ ,Positive
แอนนาเสือศิษย์เก่าม.เกษตร เที่ยวงานเกษตรแฟร์ สวยน่ารักเป็นกันเองมาก,Positive
ไปให้กำลังใจน้องกันเยอะๆน้าาา 😊✌️,Neutral
วันนี้ก็ดีต่อใจจ้าาาา   ,Positive
รีวิวร้านค้านิสิตเกษตรแฟร์66 โซน M ข้าวโพดหนุบหนับ,Positive
ใครจะไปเกษตรแฟร์ต้องโดน😍 ,Positive
“อยากรับบทลูกน้องเลยค่ะ” 💚💛🫰🏻,Positive
มะวานอึ้งมาก ไปงานครั้งแรก กะเล่นปาเป้าหมุนเอาแค่ตัวเล็กติดมือสักตัว แต่ได้ก๊อตซิลล่าตัวเกือบ 1.5 เมตรมา แบกกันแขนล้าเลย,Neutral
เพลงสันอะไรเอ่ยมีเนื้อหาเกี่ยวกับการข่มขืน เหยียดเพศ เหยียดหน้าตา 🫠 ,Negative
สตอแยม🍓💖,Positive
ไอติมสตอเข้าแย้ว🍓,Positive
เด็กเอ็นที่งานเกษตรแฟร์น่ารักมาก ,Positive
ซื้อเพราะอยากกิน ❌,Positive
ทุกคนนนน วันนี้เราไปเกษตรแฟร์มาไปทำเจ้านี่ 🌳🌱🌿 เราแปะไอจีร้านไว้เผื่อใครสนใจ พี่ ๆ แนะนำดีมาก ราคาไม่แรง สนุกสุด ได้ของขวัญน่ารัก ๆ สวนตั้ง,Neutral
ก็ไม่ได้กินเยอะเท่าไหร่5555555 ,Positive
อยากไปนะ แต่ไม่มีที่จอดรถ,Negative
สุ่มแจกคนละ 1 ใบ เมนชั่นเลือกว่าเอาสีดำหรือเขียว ,Neutral
ความสุขของนู๋วววววว ,Positive
นี่เป็นคนชอบเดิน ,Positive
เล่นคอนเสิร์ตไม่เกรงใจชาวบ้านใกล้เคียง เที่ยงคืนคนจะนอนก็ต้องตื่นมาเพราะเสียงดังมาก และมีตั้ง10กว่าคืน จะบ้าตาย ทำไมไร้มารยาทขนาดนี้ ,Negative
ชงแดกที่บ้านเถอะอิสัส ,Negative
วันนี้ว่างลูกสาวชวนมางานกาชาดที่สวนลุมพินี ก็โอเคนะว่างๆอยู่ก็เลยมาครับ คนเยอะดีเหมือนกันนะครับ ,Positive
อยากให้มีราคาบัตรที่ราคาไม่แรงมากแบบนี้บ่อยๆ เราว่าทุกคนก็อยากเห็นความสามารถของน้องๆไม่ต่างจากเรา ,Positive
แบรนด์ดัง ขึ้นชื่อ พอมาอยู่ในงานกาชาด ส่วนใหญ่ทำไมคุณภาพลดลง ราคาไม่ต้องพูดถึงงานนี้ส่วนใหญ่ราคาแพงกว่าปกติทุกอย่าง ยกเว้น เสื้อผ้า เครื่องสำอาง รองเท้า.... ทอดมันปลากราย 5 ชิ้น 50 บาท แถมรสชาติไม่อร่อยอีก ,Negative
ฟิลลิ่งเหมือนพาแม่พาน้องไปเดินงานดอกฝ้ายอ่ะ ถ้ามีเวทีมีขี้เมาหน่อยๆ คือใช่เลย ,Positive
ว่าด้วยเรื่องปลาหมึก ไข่ส่วนน้อย...สเปิร์มส่วนใหญ่ 🤣 แต่อหร่อยน่ะ ,Positive
วิจารณ์สนั่น! งานกาชาดกาฬสินธุ์ หันลำโพงเวทีเข้าหาโรงพยาบาล เปิดเพลงดังสนั่น ไม่เกรงใจผู้ป่วย ล่าสุดหันหลังเวทีและลำโพงให้โรงพยาบาลแล้ว ,Negative
ฉันจะหัวเราะทั้งวันทั้งคืน ,Positive
เสียชื่อเสียงชาวอุตรดิตถ์หมดเลย ,Negative
มา(กิน)เกือบทุกวัน 🤤🤤 ,Positive
เจ็บตาย ไม่เคยเข็ด,Negative
ได้อะไรจากงานกาชาดนอกจากของกิน .. ได้ส่องนก 😁 ,Positive
ไม่เน้นของใช้ 😎 ,Positive
ก้าวต่อไป... หลงทาง😂 งานกาชาดหรือทางวงกต😂 ,Neutral
เราทำเป๋าตังน้องแมวสีน้ำตาลหาย​ ในนั้นมีบัตรสำคัญและเงินจำนวนนึง​ เรานั่งอยู่บริเวณหน้าบูทสมาคมบ้านทหารบกตลอดไม่ได้เดินไปที่อื่นเลย​ ใครเจอรบกวนทักเราด้วยนะคะ🙏🏻 ​ ,Neutral
อยากไป ,Neutral
4ใบ 100🤣🤣🤣 ,Positive
กินช่วย  วันนี้มาฝากท้องมื้อค่ำ,Neutral
ขอรีวิวดูดวงงานกาชาดแบบแม่นๆหน่อยฮะ เลือกไม่ถูกจะดูอันไหน🤣 ,Positive
ก๋วยเตี๋ยวผัดหม่าล่า ,Positive
ผลประกอบการ ,Negative
ทีมไมโล แต่แก้ววิ้งหมดดด 😿 ,Negative
งานกาชาดคนเยอะมากกกกกแทบจะเดินไม่ได้ ,Negative
ถือว่ามิชชั่นคอมพลีท มาถึงงานกาชาด จัดทั้งโอวัลตินและไมโลรถโรงเรียนเลย ให้ไมโลชนะนะ โอวัลตินหวานไป ,Positive
วันนี้ว่างลูกสาวชวนมางานกาชาดที่สวนลุมพินี ก็โอเคนะว่างๆอยู่ก็เลยมาครับ คนเยอะดีเหมือนกันนะครับ ,Positive
ทรูมูฟอับสัญญาณมาก ,Negative
มันฝรั่งเกลียวคลุกผงปาปิก้าอยู่ตรงไหนคะ🥺 ,Neutral
มาหาของอร่อย (^^)(^^)(^^),Positive
เพราะจังเลย ,Positive
ไปเที่ยวงานกาชาดกัน😃 สวนลุมๆ ,Neutral
ฉันยังจำได้นะ ตอนนำเข้าโมเดอน่า แล้วโดนกาชาดปาดไปอ่ะ ,Negative
เมื่อเวียนมาบรรจบ 😊,Positive
ฉวยโอกาส? หนุ่มโพสต์จวก เดินเที่ยวงานกาชาด สั่งก๋วยเตี๋ยวเนื้อ-หมู พร้อมน้ำเปล่า ก่อนเรียกเก็บเงินถึงกับร้องเสียงหลง ลั่น! รสชาติทำให้หมากินยังอร่อยกว่านี้? ,Negative
ไอ่เชี่ยยยย มาทั้งตี้ ตี้ใหญ่ด้วยอย่างเยอะ ,Positive
รีวิวงานกาชาด : คนเยอะมาก.. 😶 ,Neutral
ปี​นี้​ คน​เยอะ​ขึ้น​ปะ,Neutral
โอวัลตินไม่ไหวอย่าฝืน แถวยาวจริง ๆ ทุกบูชเลย ขนาดมาตอนบ่าย ๆ นะเนี่ย คนเยอะจริง ๆ ตกค่ำ ๆ ไม่ต้องพูดถึง ,Negative
ใครบอกไมโลของดี ,Neutral
แงๆโดนโกง ยิงปืนจุกน้ำปลา ,Negative
ข้อสรุปของงานกาชาดเมื่อวานนี้คือ ได้เซ็ตอาบน้ำ ทิชชู่ไว้ซับน้ำตา กระบอกใส่น้ำตา และนม 1 กล่อง ร่างกายจะได้แข็งแรง 55555 ,Positive
ถามว่าทำไมชอบเล่น Bingo นี่ไงคำตอบ ,Positive
กูทำโทสับตกเป็นสิบรอบ รอยยังไม่เท่ามึงเดินชนกูครั้งเดียว ชนละไม่ขอโทษ ทำเสียงจิ๊ใส่กูอีก อีดอกทอง ,Negative
เย่ๆ...ประเดิมร้านแรก ,Positive
เพิ่งรู้ว่ามีพวงกุญแจรูปดาราช่อง 3 ให้ร่วมทำบุญกันเหมือนปีที่แล้ว (ที่หมุนกาชาปอง) เลยค่า แต่ครั้งนี้ให้ซื้อได้เลย มีของ พป อยู่น้า เผื่อใครจะมาตามหา,Positive
เห็นแถวโอวัลติน ,Negative
ในที่สุดก็ได้ผ้านวม สบายใจละ ,Positive
นี่ชอบซุ้ม นมไทยเดนมาร์ก มากกว่าอร่อยกว่าด้วย แนะนำนมแบบอร่อยทั้งหมดนี่คือดีย์ ,Positive
ชอบพายอัลมอนด์มากๆ คือจริงๆก็คล้ายๆครัวซองแหละแค่รูปทรงกลมๆ ,Positive
ได้กินแระ กลับได้ ,Positive
ไม่ชอบคนเยอะเลยอ่า ,Negative
ตอนเดินไม่เท่าไหร่ ตอนกลับนี่สิ รถติดชห กุจะเปงลม ,Negative
คนเป็นล้านนน อีเวร ,Negative
มาเดินสอยสลาก ได้ผ้าห่มกลับบ้านสบายใจ 😂 ขี้เกียจมาเบียดคนตอนเย็น ฮาาาา /น้ำบูธปณ.ไทย ดีอ่ะ ได้กระบอกด้วย49บ.เอง ,Positive
ไม่ทันสไลม์เล่ม1-2 ฮือ คาดว่าหมด ,Negative
อห เสียดาย ซื้อไปราคาเต็มๆ จุกๆ ,Negative
เอ้า ใครจะมาในเมืองทองคิดก่อนค่ะ นี่แค่แถวคอนโดฯทางออกไปเส้นคลองประปาเอง คงไม่ต้องบอกเนอะว่าหน้างานมอเตอร์โชว์ตรงชาเลนเจอร์จะขนาดไหน เหนื่อยแทน 😩ฝนตกอีก ติดกันไปสักชม.สองชม.ละกันนะ ,Negative
ตกลงแม่งจะขายรถหรือขายตัวว่ะ ,Negative
งงมากกับตรรกะการสกรีนคนเข้า งาน ,Negative
แนะนำให้เดินอ้อมนอกห้างไปลานจอดทางซ้ายของตึกห้างนะคะ มันจะมีโนนขึ้นไปโผล่ตรงหน้าประตู 3 พอดี สำหรับคนที่นั่งรถประจำทางมาหน้าห้าง เพราะเราก็จะทำแบบนั้น 5555 ถ้ารอประตูหน้าห้างเปิดแล้วเดินไป จสกด้านใน คิดว่าไม่ทัน,Negative
เบื่อ กฎหมาย บ้านเมืองนี้ ฉิบหาย บัดซบเฮงซวย ยังไงก็ต้องทน ,Negative
อยู่ๆก็รู้สึกว่างานหนังสือมันไม่ใช่เซฟโซน สงสารผู้จัด ผู้ประกอบการ แต่น่าจะมีหลายคนแพนิคกับเหตุการณ์ทำร้ายคนในงานของคนๆนั้นนะ นี่ก็เช่นกัน ,Negative
อยากให้ผู้จัดงานฟ้องอีเคร้อยล้านอ่ะ สงสารคนแก่ที่วิ่งหนีออกจากงานถ้าเกิดมีอุบัติเหตุจนถึงแก่ชีวิตจะทำยังไง อีเคทำไหมญาติไม่ดูแล ,Negative
อยากรู้วิธีการรับมือด้วยว่า มีการรับมืออย่างไร หากเกิดเหตุความไม่สงบรึเหตุไฟไหม้อะไรแบบนี้ ปชชต้องหนีไปทางไหน อะไรยังไง กงับมาจัดทีเดิมได้ปีแรกก็โดนซะแล้ว,Negative
ฝากนักข่าว #AmarinTV34 #AmarinNews #thairath #ไทยรัฐ #โหนกระแส ช่องข่าวไรก็ได้ช่วยตามขุดประวัติสัมภาษณ์เจาะลึก ครอบครัว เพื่อนบ้าน ผู้ใกล้ชิด #เคร้อยล้าน ทีได้มั้ย รึว่าต้องรอให้มีความสูญเสียกว่านี้ถึงจะทำได้,Negative
คนไปงานหนังสือควรรวมตัวกันไปฟ้องคนที่ตะโกนว่ามีระเบิดจริง โทษเบาเกิน ,Negative
การที่ ธนาธร ดำเนินการตามกฎหมาย ส่วนตัวว่าถูกแล้ว ดู #เคร้อยล้าน เหมือนเป็นภัยสังคมจริงๆนะ แล้วส่วนตัวว่า ผจง ควรฟ้องด้วย จังหวะที่บอกว่ามีระเบิด คนหนีขนาดนั้น มันถือว่าทำให้เสียรายได้นะ,Negative
หลักฐานคลิปโครตชัด โครตสวะจริงๆ ไม่ใช่ไอเดนนรกนี่คนเดียวนะ รวมถึงตำรวจ กฏหมาย และ รัฐบาลเผด็จการปัจจุบันนี้ด้วยที่ปล่อยให้เหตุการณ์แบบนี้เกิดขึ้นซ้ำแล้วซ้ำเล่า นี่ยังไม่นับน้ำท่วม ที่ยังคงอยู่ และเกษตรกรที่ลำบากตอนนีอีกหลายๆปัญหานะ ไอเห้ ,Negative
เห็นข่าวนี้ก็ รู้สึกไม่ค่อยดีเลย ไม่รู้ว่าเขาทำไปเพื่ออะไร สงสัยเจ้าของงาน ,Negative
คนจัดงานน่าจะฟ้องร้อง ,Negative
แบบนี้คือเจตนาฆ่าคน ประทุษร้ายเอาชีวิต ตั้งใจทำให้คนอื่นบาดเจ็บถึงตายยิ่งตะโกนว่ามีระเบิดด้วย ยิ่งเป็นการกระทำที่ร้ายแรงมากในที่สาธารณะ ,Negative
ถ้ามันมีระเบิดจริงๆคือตายนะ ตายหลายคนเลยด้วย (แล้วคนที่วิ่งเข้าไปช่วยก็ปชช.กันเองทั้งนัเน นับถือใจมาก) งานมีการตรวจคนตรวจอาวุธใดๆก่อนเข้างานมั้ย งานหนังสืองายเกมส์งานคอสที่เดียวกัน เคยดูมาตรการเข้างานคอสเพลย์ของญี่ปุ่นตรวจก่อนเข้างานเข้มมาก ,Negative
อันตรายมากอ่ะ ‼️แล้วแบบนี้คุณ ,Negative
แค่บอกว่าเป็นคนดี รักในหลวง แล้วยังไงอ่ะ สลิ่มที่ออกมาดิ้นเรื่องไอ้ศรีโดนต่อยวันนั้น มาวันนี้เงียบเลย รักเจ้าแหละถึงปล่อยให้คนแบบนี้โหนจนเสียหาย ,Negative
ชูรูปเดียวผ่านตลอด ควรจับไอ้เห้นี่ขังคุกมากกว่ามาจับนักศึกษาที่คิดต่างนะคะคุณตำรวยหัวขวด ,Negative
การที่ออกมาข่มขู่มีระเบิดท่ามกลางสาธารณะชนมันคือการก่อการร้ายนะถ้าตำรวจปล่อยออกมาอีกถือว่าตำรวจรู้เห็นเป็นใจคนคนนึงก่อเหตุความวุ่นวายได้มากและบ่อยขนาดไหนงานหนังสือนะเว้ยควรมีเหตุการความวุ่นวายแบบนี้หรอไม่เข้าทวิตคือจะไม่รู้ข่าวเงียบเชียว🫠 ,Negative
อีเหี้ย นี่ถ้ามันเอามีดมาปาดคอ คือธนาธรตายคาที่เลยนะ ทำไมตะกวดไม่ทำส้นตีนอะไรเลยวะ แล้วอ้างมีระเบิดนี่แจ้งข้อหาก่อการร้ายได้ด้วย เดี๋ยวกูรอดูตะกวดมันแถลงว่าจะเอาไงกับไอ้เหี้ยนี่ 🤬,Negative
เห้ยตายได้เลยนะ มึงดูคอคุณธนาธรดิบิดเเบบผิดรูปไปเลย อันตรายมาก ,Negative
มันไม่มีระเบิดจริง แต่คนจะเหยียบกันตายของจริง คนวิ่งตึงๆๆๆ ภาพติดหัวคือรถเข็นเด็กล้มตะแคงแต่พ่อเด็กยังลากไปทั้งๆ แบบนั้นเพราะไม่รู้ตัว เด็กร้องไห้กันกรี๊ดกัน แม่ง คิดดูดิว่าประสบการณ์เหี้ยๆ แบบนี้จะฝังใจเด็กๆ แค่ไหน,Negative
ทำไม .. ไม่กระทืบแม่งวะ หงุดหงิดวะ กลัวมันเหรอ อยู่กันเป็นร้อย ทำเป็นคนดี ทีพวกมึงโดนกระทืบ ทำเป็นร้อง ทั้งๆที ตำรวจประเทศเหี้ยนี่ ไม่ช่วยพวกมมึงอยู่แล้ว ... เป็นคนดีประเทศเหี้ยนี่ แล้วได้อะไร ,Negative
มึงงงงง น่ากลัวมาก และคิดดูว่าถ้ามันมีมีดจะเกิดอะไรขึ้น? ขนาดไม่ใช่คุณธนาธร เรายังตกใจอ่ะ ,Negative
ควรจับกุมดำเนินคดีอย่างถึงที่สุด ถ้าเกิดคนจำนวนมากแตกตื่นวิ่งเหยียบกันตาย นี่คือโศกนาฏกรรมเลย อย่าปล่อยให้ภัยสังคมแบบนี้มาอีก อาเบะ นรม.ญี่ปุ่น ยังไม่รอด นี่ถ้ามีอาวุธเช่นมีดหรือปืน คุณธนาธรคงไม่ได้มีโอกาสแม้แต่จะพูด ,Negative
เอาจริงป่ะ เด๋วมันก็ก่อเหตุอะไรแบบนี้อีก เพราะตำรวจไทยไม่เคยจัดการอะไรมันเลยสักครั้ง เหอะๆ ,Negative
หลักฐานชัดเจน แล้ว บอกตำรวจว่าไม่โดนตัวธนาธรนี่คือให้การเท็จได้ป่ะคะ #งานหนังสือแห่งชาติ,Negative
อย่าให้พื้นที่ของอารยชนเป็นพื้นที่ที่ไม่ปลอดภัย ,Negative
ความไม่เท่าเทียมของจริง ความไม่เสมอภาคต่อหน้ากฏหมาย มันไม่เท่ากันจริงๆ ,Negative
รอดูว่าผู้ก่อเหตุ วันนี้จะได้รับโทษทางกฎหมายอย่างไร? ขอไม่เอ่ยนามและไม่ให้ค่าใดๆละกัน ตัวมลพิษสังคม,Negative
นี่มันค่อนข้างเป็นอันตรายกับผู้อื่นแล้วนะเนี่ย ,Negative
ทำคนแตกตื่น กุวิ่งแทบจะล้มหัวฟาดพื้น คนป่วยแบบนี้ทำไมยังใช้ชีวิตอยู่ในสังคมแบบไม่มีใครทำอะไรมันได้วะ ทำคนอื่นเดือดร้อนไปหมด ,Negative
เฮ้ย! เรื่องไอ้เคนี่รัฐต้องจัดการอะไรบ้างแล้วนะ มาตะโกนบ้าๆในงานหนังสือ คนกำลังจะออกมาจับจ่าย ให้สำนักพิมพ์ได้ฟื้นขึ้นมาแท้ๆ นี่คือทำลายธุรกิจเค้าฉิบหายหมดเลยนะแม่ง(โมโหสัส)🤬 ,Negative
คือไปตะโกนแบบนั้นในงาน คนไม่รู้อิโหน่อิเหน่ก็วิ่งหนีตายกัน แล้วถ้าเกิดเหตุการณ์เหยียบกันตายขึ้นมาจะทำยังไง ไหนจะเด็กเล็ก คนสูงอายุอีกมึง รอดูเลยว่าผู้จัดงานจะจัดการกับเรื่องนี้ยังไง แล้วเคเชี่ยไรนี่เมื่อไรจะเข้าคุกไปสักที นี่มันเป็นตัวภัยสังคมแล้ว ป่วนกี่งานละ ,Negative
ลงโทษให้หลาบค่ะ สถานที่รองรับประชุม นานาชาติเอเปค แต่จัดการแย่ อย่างนี้ เสียหายหนักมาก ,Negative
